"","SEX_label","JWTR_label","JWMNP","AGEP","PINCP"
"1","Female","Walked",5,20,5000
"2","Female","Walked",10,21,5550
"3","Female","Walked",10,19,1200
"4","Female","Walked",5,52,14100
"5","Female","Walked",4,19,5500
"6","Female","Walked",15,21,1000
"7","Female","Walked",10,21,2000
"8","Female","Walked",15,21,2800
"9","Female","Walked",3,20,15000
"10","Female","Walked",10,19,2000
"11","Female","Walked",2,21,3000
"12","Female","Walked",10,20,3000
"13","Female","Walked",5,19,5000
"14","Female","Walked",5,20,480
"15","Female","Walked",5,20,5000
"16","Female","Walked",7,20,25000
"17","Female","Walked",15,21,10000
"18","Female","Walked",8,20,14000
"19","Female","Walked",20,23,5400
"20","Female","Walked",5,20,5300
"21","Female","Walked",5,24,12000
"22","Female","Walked",1,20,12000
"23","Female","Walked",15,19,5000
"24","Female","Walked",10,21,2000
"25","Female","Walked",15,20,4000
"26","Female","Walked",5,20,1000
"27","Female","Walked",2,19,400
"28","Female","Walked",2,23,220
"29","Female","Walked",15,20,10000
"30","Female","Walked",8,19,500
"31","Female","Walked",5,22,2000
"32","Female","Walked",5,21,6000
"33","Female","Walked",5,20,4000
"34","Female","Walked",10,19,2000
"35","Female","Walked",5,19,3000
"36","Female","Walked",10,22,2000
"37","Female","Walked",2,22,10000
"38","Female","Walked",15,20,6000
"39","Female","Walked",27,19,5000
"40","Female","Walked",25,23,700
"41","Female","Walked",2,19,1300
"42","Female","Walked",10,23,20000
"43","Female","Walked",15,20,4000
"44","Female","Walked",5,21,6000
"45","Female","Walked",5,19,4300
"46","Female","Walked",5,20,350
"47","Female","Walked",1,27,30000
"48","Female","Walked",5,19,5200
"49","Female","Walked",10,23,12000
"50","Female","Walked",10,43,10400
"51","Female","Walked",5,80,27500
"52","Female","Walked",27,19,5000
"53","Female","Walked",5,21,2000
"54","Female","Walked",10,31,15600
"55","Female","Walked",15,21,12000
"56","Female","Walked",3,20,55000
"57","Female","Walked",15,19,1200
"58","Female","Walked",5,19,5200
"59","Female","Walked",20,20,3000
"60","Female","Walked",5,21,4500
"61","Female","Walked",10,19,3900
"62","Female","Walked",15,24,2500
"63","Female","Walked",10,20,7000
"64","Female","Walked",10,43,10400
"65","Female","Walked",5,20,5000
"66","Female","Walked",5,21,4000
"67","Female","Walked",15,28,36000
"68","Female","Walked",15,35,2500
"69","Female","Walked",5,21,4000
"70","Female","Walked",5,22,70000
"71","Female","Walked",10,22,1200
"72","Female","Walked",15,21,1000
"73","Female","Walked",15,21,10000
"74","Female","Walked",10,19,2000
"75","Female","Walked",2,20,2000
"76","Female","Walked",5,19,1800
"77","Female","Walked",20,21,7800
"78","Female","Walked",5,52,14100
"79","Female","Walked",15,20,4000
"80","Female","Walked",10,19,2000
"81","Female","Walked",10,21,3400
"82","Female","Walked",10,22,7000
"83","Female","Walked",10,23,5600
"84","Female","Walked",10,19,2000
"85","Female","Walked",4,19,5500
"86","Female","Walked",10,21,10000
"87","Female","Walked",20,19,3000
"88","Female","Walked",2,20,2300
"89","Female","Walked",15,21,12000
"90","Female","Walked",8,20,3800
"91","Female","Walked",20,20,3500
"92","Female","Walked",5,19,9000
"93","Female","Walked",5,21,10000
"94","Female","Walked",5,19,1000
"95","Female","Walked",5,80,27500
"96","Female","Walked",10,20,2400
"97","Female","Walked",30,20,3000
"98","Female","Walked",12,19,150
"99","Female","Walked",10,22,1300
"100","Female","Walked",15,20,2500
"101","Female","Walked",10,20,8200
"102","Female","Walked",10,19,2000
"103","Female","Walked",5,22,2000
"104","Female","Walked",5,20,1000
"105","Female","Walked",5,19,1900
"106","Female","Walked",2,23,6000
"107","Female","Walked",20,19,2000
"108","Female","Walked",25,22,700
"109","Female","Walked",5,20,350
"110","Female","Walked",25,20,2500
"111","Female","Walked",10,19,1000
"112","Female","Walked",27,19,5000
"113","Female","Walked",5,20,3000
"114","Female","Walked",10,22,1300
"115","Female","Walked",5,19,1000
"116","Female","Walked",10,21,3000
"117","Female","Walked",1,20,12000
"118","Female","Walked",5,20,5000
"119","Female","Walked",5,20,170
"120","Female","Walked",10,20,2000
"121","Female","Walked",2,20,2900
"122","Female","Walked",15,19,820
"123","Female","Walked",5,52,14100
"124","Female","Walked",5,19,5000
"125","Female","Walked",10,20,24000
"126","Female","Walked",2,19,1300
"127","Female","Walked",10,20,5000
"128","Female","Walked",10,20,5000
"129","Female","Walked",15,19,5000
"130","Female","Walked",5,20,3000
"131","Female","Walked",10,43,10400
"132","Female","Walked",5,28,36000
"133","Female","Walked",10,22,2400
"134","Female","Walked",5,19,1400
"135","Female","Walked",10,19,1500
"136","Female","Walked",10,22,4000
"137","Female","Walked",5,63,36000
"138","Female","Walked",30,44,22900
"139","Female","Walked",7,24,25000
"140","Female","Walked",25,24,60000
"141","Female","Walked",25,61,36000
"142","Female","Walked",10,38,18300
"143","Female","Walked",30,40,50000
"144","Female","Walked",20,67,195300
"145","Female","Walked",25,41,130000
"146","Female","Walked",10,40,74000
"147","Female","Walked",30,34,20000
"148","Female","Walked",5,49,20000
"149","Female","Walked",15,23,12800
"150","Female","Walked",20,43,64000
"151","Female","Walked",30,29,20000
"152","Female","Walked",25,48,137000
"153","Female","Walked",5,24,5000
"154","Female","Walked",7,44,2000
"155","Female","Walked",40,37,19000
"156","Female","Walked",5,40,35000
"157","Female","Walked",15,57,28900
"158","Female","Walked",20,58,20000
"159","Female","Walked",2,27,22200
"160","Female","Walked",15,41,35000
"161","Female","Walked",15,21,15000
"162","Female","Walked",5,34,1200
"163","Female","Walked",20,52,20000
"164","Female","Walked",15,36,14800
"165","Female","Walked",10,30,58000
"166","Female","Walked",20,35,22000
"167","Female","Walked",12,28,53000
"168","Female","Walked",5,31,41000
"169","Female","Walked",30,27,77000
"170","Female","Walked",10,38,75000
"171","Female","Walked",10,38,75000
"172","Female","Walked",30,27,80000
"173","Female","Walked",15,29,15000
"174","Female","Walked",5,44,82530
"175","Female","Walked",30,40,138000
"176","Female","Walked",10,33,76000
"177","Female","Walked",15,65,127200
"178","Female","Walked",20,49,38000
"179","Female","Walked",35,47,33200
"180","Female","Walked",10,41,110000
"181","Female","Walked",10,55,12000
"182","Female","Walked",25,36,135000
"183","Female","Walked",15,61,185000
"184","Female","Walked",15,41,142000
"185","Female","Walked",18,50,247000
"186","Female","Walked",30,24,70010
"187","Female","Walked",30,47,12000
"188","Female","Walked",20,42,60000
"189","Female","Walked",20,43,140000
"190","Female","Walked",10,30,73000
"191","Female","Walked",10,29,75000
"192","Female","Walked",5,56,15000
"193","Female","Walked",55,54,35300
"194","Female","Walked",6,37,57300
"195","Female","Walked",30,39,20000
"196","Female","Walked",15,22,13500
"197","Female","Walked",25,27,34400
"198","Female","Walked",42,45,180000
"199","Female","Walked",20,56,12260
"200","Female","Walked",12,35,71500
"201","Female","Walked",2,44,46600
"202","Female","Walked",30,30,85000
"203","Female","Walked",60,43,9000
"204","Female","Walked",5,68,115000
"205","Female","Walked",15,37,70000
"206","Female","Walked",20,84,44000
"207","Female","Walked",5,28,70000
"208","Female","Walked",15,27,50000
"209","Female","Walked",1,21,7600
"210","Female","Walked",2,29,62000
"211","Female","Walked",1,52,85000
"212","Female","Walked",7,42,29000
"213","Female","Walked",10,26,8000
"214","Female","Walked",3,62,140000
"215","Female","Walked",22,23,33000
"216","Female","Walked",20,28,20000
"217","Female","Walked",5,43,27000
"218","Female","Walked",15,27,68120
"219","Female","Walked",30,28,43000
"220","Female","Walked",10,25,12000
"221","Female","Walked",7,64,90000
"222","Female","Walked",2,27,25000
"223","Female","Walked",5,67,38300
"224","Female","Walked",30,26,60000
"225","Female","Walked",7,77,142000
"226","Female","Walked",30,57,11000
"227","Female","Walked",20,31,7500
"228","Female","Walked",5,37,55000
"229","Female","Walked",3,33,175000
"230","Female","Walked",15,24,135000
"231","Female","Walked",12,30,52000
"232","Female","Walked",10,45,12800
"233","Female","Walked",30,72,62000
"234","Female","Walked",20,48,22300
"235","Female","Walked",15,73,21500
"236","Female","Walked",10,52,16900
"237","Female","Walked",5,61,8200
"238","Female","Walked",15,20,2000
"239","Female","Walked",15,55,30000
"240","Female","Walked",10,55,46000
"241","Female","Walked",15,19,5000
"242","Female","Walked",15,60,25000
"243","Female","Walked",7,40,68000
"244","Female","Walked",7,41,64000
"245","Female","Walked",15,57,12000
"246","Female","Walked",15,51,60000
"247","Female","Walked",35,54,120000
"248","Female","Walked",5,26,139000
"249","Female","Walked",10,50,46200
"250","Female","Walked",5,42,22000
"251","Female","Walked",10,46,133900
"252","Female","Walked",10,66,8600
"253","Female","Walked",15,64,250000
"254","Female","Walked",34,62,202700
"255","Female","Walked",10,32,11000
"256","Female","Walked",15,32,179000
"257","Female","Walked",20,56,17900
"258","Female","Walked",5,62,25740
"259","Female","Walked",15,19,12000
"260","Female","Walked",3,27,12500
"261","Female","Walked",10,21,5000
"262","Female","Walked",10,21,5000
"263","Female","Walked",20,23,28000
"264","Female","Walked",12,49,660000
"265","Female","Walked",10,48,12000
"266","Female","Walked",5,21,7200
"267","Female","Walked",10,69,18200
"268","Female","Walked",10,20,2000
"269","Female","Walked",45,61,39000
"270","Female","Walked",45,75,113000
"271","Female","Walked",5,23,1e+05
"272","Female","Walked",2,50,68000
"273","Female","Walked",3,54,5000
"274","Female","Walked",20,29,26200
"275","Female","Walked",25,36,120000
"276","Female","Walked",4,62,54700
"277","Female","Walked",12,31,65000
"278","Female","Walked",25,32,70000
"279","Female","Walked",30,28,40000
"280","Female","Walked",5,71,30000
"281","Female","Walked",10,41,355000
"282","Female","Walked",10,52,8200
"283","Female","Walked",10,20,9000
"284","Female","Walked",10,34,35000
"285","Female","Walked",12,44,120000
"286","Female","Walked",5,61,2000
"287","Female","Walked",15,40,25000
"288","Female","Walked",30,67,90000
"289","Female","Walked",18,23,80000
"290","Female","Walked",15,38,78000
"291","Female","Walked",15,41,510
"292","Female","Walked",2,55,65000
"293","Female","Walked",8,46,9000
"294","Female","Walked",10,25,22000
"295","Female","Walked",15,58,30000
"296","Female","Walked",5,64,117500
"297","Female","Walked",6,25,42600
"298","Female","Walked",15,64,675000
"299","Female","Walked",7,28,5200
"300","Female","Walked",15,29,15300
"301","Female","Walked",13,50,18200
"302","Female","Walked",60,34,10000
"303","Female","Walked",10,30,14000
"304","Female","Walked",1,52,52500
"305","Female","Walked",5,33,90020
"306","Female","Walked",5,65,51000
"307","Female","Walked",30,25,120200
"308","Female","Walked",10,31,33000
"309","Female","Walked",2,35,3000
"310","Female","Walked",45,31,31100
"311","Female","Walked",25,38,172000
"312","Female","Walked",10,32,65000
"313","Female","Walked",10,31,70000
"314","Female","Walked",15,57,70000
"315","Female","Walked",7,35,95400
"316","Female","Walked",25,52,8600
"317","Female","Walked",20,39,20000
"318","Female","Walked",30,58,9700
"319","Female","Walked",15,52,30000
"320","Female","Walked",25,60,22500
"321","Female","Walked",10,48,60000
"322","Female","Walked",20,25,30000
"323","Female","Walked",30,28,48000
"324","Female","Walked",10,19,7000
"325","Female","Walked",15,55,11000
"326","Female","Walked",10,24,19000
"327","Female","Walked",6,63,146600
"328","Female","Walked",5,49,40000
"329","Female","Walked",30,51,227500
"330","Female","Walked",10,36,92000
"331","Female","Walked",15,42,111000
"332","Female","Walked",2,50,81000
"333","Female","Walked",25,30,190000
"334","Female","Walked",5,43,21000
"335","Female","Walked",10,30,35000
"336","Female","Walked",10,39,80000
"337","Female","Walked",15,61,70000
"338","Female","Walked",15,75,74000
"339","Female","Walked",2,38,52000
"340","Female","Walked",10,53,20000
"341","Female","Walked",1,77,91030
"342","Female","Walked",10,32,9600
"343","Female","Walked",10,36,32500
"344","Female","Walked",2,64,28700
"345","Female","Walked",25,21,9000
"346","Female","Walked",25,23,4800
"347","Female","Walked",25,22,12000
"348","Female","Walked",25,22,4800
"349","Female","Walked",15,24,20000
"350","Female","Walked",15,23,20000
"351","Female","Walked",5,80,38500
"352","Female","Walked",30,36,22000
"353","Female","Walked",5,75,36000
"354","Female","Walked",5,50,23000
"355","Female","Walked",30,50,22600
"356","Female","Walked",1,52,41000
"357","Female","Walked",5,54,22600
"358","Female","Walked",10,23,15000
"359","Female","Walked",1,50,6700
"360","Female","Walked",20,38,90000
"361","Female","Walked",15,46,2000
"362","Female","Walked",15,21,27000
"363","Female","Walked",15,42,45000
"364","Female","Walked",15,25,11500
"365","Female","Walked",5,38,32800
"366","Female","Walked",15,60,66000
"367","Female","Walked",30,24,7200
"368","Female","Walked",5,38,24000
"369","Female","Walked",55,83,29400
"370","Female","Walked",10,20,3000
"371","Female","Walked",10,31,51000
"372","Female","Walked",20,26,150000
"373","Female","Walked",20,34,340000
"374","Female","Walked",30,61,120000
"375","Female","Walked",10,32,32000
"376","Female","Walked",15,62,6000
"377","Female","Walked",20,51,159020
"378","Female","Walked",15,53,18600
"379","Female","Walked",5,22,3300
"380","Female","Walked",30,36,20000
"381","Female","Walked",5,40,12000
"382","Female","Walked",20,53,3e+05
"383","Female","Walked",11,62,668300
"384","Female","Walked",15,38,34300
"385","Female","Walked",3,31,9600
"386","Female","Walked",15,19,4600
"387","Female","Walked",3,26,60000
"388","Female","Walked",5,42,25000
"389","Female","Walked",20,39,150000
"390","Female","Walked",3,40,5500
"391","Female","Walked",7,46,14600
"392","Female","Walked",2,60,115000
"393","Female","Walked",10,20,25000
"394","Female","Walked",15,63,28000
"395","Female","Walked",20,27,73000
"396","Female","Walked",10,64,1e+05
"397","Female","Walked",30,31,30000
"398","Female","Walked",3,21,9000
"399","Female","Walked",10,32,150000
"400","Female","Walked",7,25,90050
"401","Female","Walked",10,27,5000
"402","Female","Walked",20,22,30020
"403","Female","Walked",5,57,14000
"404","Female","Walked",5,40,2400
"405","Female","Walked",20,58,91200
"406","Female","Walked",25,40,35800
"407","Female","Walked",20,57,13300
"408","Female","Walked",15,64,15700
"409","Female","Walked",30,30,20000
"410","Female","Walked",20,74,25100
"411","Female","Walked",10,31,35000
"412","Female","Walked",10,22,11400
"413","Female","Walked",10,23,20000
"414","Female","Walked",30,40,150000
"415","Female","Walked",2,79,53000
"416","Female","Walked",15,63,30000
"417","Female","Walked",12,19,7500
"418","Female","Walked",2,53,30000
"419","Female","Walked",10,31,70000
"420","Female","Walked",15,29,25000
"421","Female","Walked",40,30,210000
"422","Female","Walked",5,28,10000
"423","Female","Walked",5,61,34850
"424","Female","Walked",5,48,8000
"425","Female","Walked",10,49,17000
"426","Female","Walked",5,28,40000
"427","Female","Walked",5,29,30000
"428","Female","Walked",10,22,400
"429","Female","Walked",10,61,7000
"430","Female","Walked",10,22,30000
"431","Female","Walked",15,29,95000
"432","Female","Walked",15,44,33300
"433","Female","Walked",15,19,670
"434","Female","Walked",30,48,172000
"435","Female","Walked",15,20,5600
"436","Female","Walked",15,20,1000
"437","Female","Walked",15,43,26000
"438","Female","Walked",15,39,22000
"439","Female","Walked",10,28,28000
"440","Female","Walked",5,39,10000
"441","Female","Walked",10,34,55000
"442","Female","Walked",5,28,28800
"443","Female","Walked",10,33,53000
"444","Female","Walked",25,21,2000
"445","Female","Walked",5,28,55000
"446","Female","Walked",25,54,15800
"447","Female","Walked",25,20,16000
"448","Female","Walked",15,31,60000
"449","Female","Walked",15,41,19400
"450","Female","Walked",30,73,23000
"451","Female","Walked",12,63,12000
"452","Female","Walked",1,61,22000
"453","Female","Walked",10,27,600
"454","Female","Walked",20,60,70000
"455","Female","Walked",15,25,10000
"456","Female","Walked",10,24,24100
"457","Female","Walked",20,27,45000
"458","Female","Walked",5,60,29900
"459","Female","Walked",5,39,24800
"460","Female","Walked",1,48,1500
"461","Female","Walked",10,32,17500
"462","Female","Walked",15,25,27000
"463","Female","Walked",15,59,46200
"464","Female","Walked",45,65,165000
"465","Female","Walked",10,23,7000
"466","Female","Walked",3,60,109000
"467","Female","Walked",11,27,3100
"468","Female","Walked",30,63,24000
"469","Female","Walked",20,54,25000
"470","Female","Walked",5,46,50000
"471","Female","Walked",10,21,19300
"472","Female","Walked",5,58,45700
"473","Female","Walked",20,67,16200
"474","Female","Walked",15,32,11000
"475","Female","Walked",30,53,15300
"476","Female","Walked",5,28,45000
"477","Female","Walked",10,24,16000
"478","Female","Walked",30,40,20000
"479","Female","Walked",15,22,6000
"480","Female","Walked",20,56,35000
"481","Female","Walked",7,47,17000
"482","Female","Walked",12,32,91020
"483","Female","Walked",10,50,69000
"484","Female","Walked",30,48,75000
"485","Female","Walked",12,22,34300
"486","Female","Walked",15,43,12000
"487","Female","Walked",15,48,60000
"488","Female","Walked",1,56,19000
"489","Female","Walked",5,55,54100
"490","Female","Walked",30,30,85000
"491","Female","Walked",15,20,14000
"492","Female","Walked",5,26,40000
"493","Female","Walked",45,24,20000
"494","Female","Walked",2,31,11000
"495","Female","Walked",10,33,32700
"496","Female","Walked",15,23,10000
"497","Female","Walked",20,32,30000
"498","Female","Walked",25,34,9200
"499","Female","Walked",5,62,15000
"500","Female","Walked",12,37,137000
"501","Female","Walked",20,40,80000
"502","Female","Walked",15,44,29800
"503","Female","Walked",20,52,59700
"504","Female","Walked",20,48,50000
"505","Female","Walked",7,29,80000
"506","Female","Walked",10,29,32200
"507","Female","Walked",5,34,30000
"508","Female","Walked",2,22,21000
"509","Female","Walked",20,25,5000
"510","Female","Walked",15,65,15000
"511","Female","Walked",30,39,6400
"512","Female","Walked",15,30,29600
"513","Female","Walked",40,33,50000
"514","Female","Walked",60,53,31000
"515","Female","Walked",1,63,51000
"516","Female","Walked",30,26,60000
"517","Female","Walked",5,78,59000
"518","Female","Walked",17,31,63000
"519","Female","Walked",5,44,180000
"520","Female","Walked",15,55,13200
"521","Female","Walked",15,63,45000
"522","Female","Walked",7,29,70000
"523","Female","Walked",5,54,350000
"524","Female","Walked",20,23,18100
"525","Female","Walked",15,42,1e+05
"526","Female","Walked",20,56,25000
"527","Female","Walked",5,63,80000
"528","Female","Walked",13,35,11400
"529","Female","Walked",10,25,4000
"530","Female","Walked",20,37,70010
"531","Female","Walked",1,63,21000
"532","Female","Walked",14,55,89000
"533","Female","Walked",25,26,130000
"534","Female","Walked",10,41,1e+05
"535","Female","Walked",9,28,25000
"536","Female","Walked",25,25,30000
"537","Female","Walked",10,22,40300
"538","Female","Walked",35,36,147000
"539","Female","Walked",15,60,50000
"540","Female","Walked",15,26,11000
"541","Female","Walked",15,48,8000
"542","Female","Walked",5,68,58500
"543","Female","Walked",10,45,75000
"544","Female","Walked",20,36,1e+05
"545","Female","Walked",2,29,17000
"546","Female","Walked",10,32,23400
"547","Female","Walked",5,56,35000
"548","Female","Walked",7,61,5000
"549","Female","Walked",20,46,70000
"550","Female","Walked",5,53,24000
"551","Female","Walked",5,57,28000
"552","Female","Walked",15,32,115000
"553","Female","Walked",12,32,52000
"554","Female","Walked",30,26,58000
"555","Female","Walked",15,25,58000
"556","Female","Walked",30,24,19000
"557","Female","Walked",20,46,22800
"558","Female","Walked",10,40,20000
"559","Female","Walked",5,61,171800
"560","Female","Walked",20,55,22600
"561","Female","Walked",30,66,82600
"562","Female","Walked",15,43,35000
"563","Female","Walked",50,38,35000
"564","Female","Walked",30,28,9800
"565","Female","Walked",8,51,40000
"566","Female","Walked",10,42,66000
"567","Female","Walked",10,23,9600
"568","Female","Walked",5,39,35000
"569","Female","Walked",10,30,25000
"570","Female","Walked",5,27,65000
"571","Female","Walked",15,55,45900
"572","Female","Walked",15,67,83100
"573","Female","Walked",20,28,60000
"574","Female","Walked",10,25,65000
"575","Female","Walked",40,51,30000
"576","Female","Walked",15,63,100250
"577","Female","Walked",5,63,24800
"578","Female","Walked",20,53,105000
"579","Female","Walked",8,67,60000
"580","Female","Walked",45,32,65000
"581","Female","Walked",20,43,35080
"582","Female","Walked",2,76,96500
"583","Female","Walked",5,57,660000
"584","Female","Walked",15,65,99000
"585","Female","Walked",5,62,72110
"586","Female","Walked",15,37,103000
"587","Female","Walked",15,56,72380
"588","Female","Walked",7,30,60000
"589","Female","Walked",30,39,300
"590","Female","Walked",20,32,15000
"591","Female","Walked",10,74,114040
"592","Female","Walked",1,35,41400
"593","Female","Walked",15,30,96000
"594","Female","Walked",20,27,19400
"595","Female","Walked",5,20,22500
"596","Female","Walked",10,19,9200
"597","Female","Walked",10,43,40000
"598","Female","Walked",5,62,9900
"599","Female","Walked",10,41,54000
"600","Female","Walked",20,26,43700
"601","Female","Walked",20,65,126000
"602","Female","Walked",80,49,55000
"603","Female","Walked",10,80,1174000
"604","Female","Walked",1,56,115000
"605","Female","Walked",5,53,48900
"606","Female","Walked",30,20,2400
"607","Female","Walked",30,28,30000
"608","Female","Walked",15,51,6500
"609","Female","Walked",10,21,5200
"610","Female","Walked",5,63,35000
"611","Female","Walked",6,21,12000
"612","Female","Walked",30,29,53300
"613","Female","Walked",20,64,16100
"614","Female","Walked",1,50,26700
"615","Female","Walked",5,29,55000
"616","Female","Walked",15,45,51000
"617","Female","Walked",25,30,216000
"618","Female","Walked",15,50,16100
"619","Female","Walked",15,23,11200
"620","Female","Walked",3,29,65000
"621","Female","Walked",25,63,52000
"622","Female","Walked",10,34,44000
"623","Female","Walked",20,33,230000
"624","Female","Walked",15,26,2000
"625","Female","Walked",10,75,9400
"626","Female","Walked",30,75,13790
"627","Female","Walked",5,38,10500
"628","Female","Walked",20,23,50000
"629","Female","Walked",10,25,2e+05
"630","Female","Walked",7,32,16000
"631","Female","Walked",25,65,1e+05
"632","Female","Walked",3,39,30000
"633","Female","Walked",10,37,25000
"634","Female","Walked",15,47,12000
"635","Female","Walked",15,51,25000
"636","Female","Walked",20,37,15000
"637","Female","Walked",20,50,5000
"638","Female","Walked",30,53,6900
"639","Female","Walked",30,60,13500
"640","Female","Walked",10,56,32000
"641","Female","Walked",20,36,40000
"642","Female","Walked",2,26,8800
"643","Female","Walked",20,37,39900
"644","Female","Walked",20,24,9000
"645","Female","Walked",15,39,30000
"646","Female","Walked",30,49,1e+05
"647","Female","Walked",10,64,82000
"648","Female","Walked",15,41,75000
"649","Female","Walked",10,38,50000
"650","Female","Walked",15,61,35000
"651","Female","Walked",3,50,30000
"652","Female","Walked",30,32,10000
"653","Female","Walked",20,23,45000
"654","Female","Walked",25,75,20800
"655","Female","Walked",10,34,42000
"656","Female","Walked",10,26,52000
"657","Female","Walked",10,23,3000
"658","Female","Walked",5,28,70000
"659","Female","Walked",15,23,22000
"660","Female","Walked",15,31,23000
"661","Female","Walked",20,36,150000
"662","Female","Walked",3,22,15100
"663","Female","Walked",30,62,100500
"664","Female","Walked",40,55,17000
"665","Female","Walked",10,33,8500
"666","Female","Walked",1,39,33000
"667","Female","Walked",15,25,48000
"668","Female","Walked",15,76,45400
"669","Female","Walked",7,35,25000
"670","Female","Walked",10,38,12000
"671","Female","Walked",30,49,10800
"672","Female","Walked",10,25,19400
"673","Female","Walked",20,42,52000
"674","Female","Walked",5,47,24030
"675","Female","Walked",25,42,14900
"676","Female","Walked",10,50,373000
"677","Female","Walked",20,39,13000
"678","Female","Walked",10,19,23000
"679","Female","Walked",60,31,110000
"680","Female","Walked",20,38,120000
"681","Female","Walked",3,37,28000
"682","Female","Walked",30,71,2900
"683","Female","Walked",30,25,125000
"684","Female","Walked",5,25,20000
"685","Female","Walked",10,27,15600
"686","Female","Walked",20,27,1e+05
"687","Female","Walked",3,58,31200
"688","Female","Walked",25,20,9000
"689","Female","Walked",30,26,173000
"690","Female","Walked",40,50,385000
"691","Female","Walked",5,54,79000
"692","Female","Walked",10,37,18000
"693","Female","Walked",25,28,21600
"694","Female","Walked",40,28,72000
"695","Female","Walked",50,77,49100
"696","Female","Walked",30,34,350
"697","Female","Walked",5,38,38000
"698","Female","Walked",1,23,24000
"699","Female","Walked",30,56,32000
"700","Female","Walked",30,49,375000
"701","Female","Walked",4,67,54000
"702","Female","Walked",20,53,121000
"703","Female","Walked",20,54,500
"704","Female","Walked",10,67,41000
"705","Female","Walked",1,74,64600
"706","Female","Walked",7,25,65000
"707","Female","Walked",5,21,4000
"708","Female","Walked",10,36,10000
"709","Female","Walked",5,58,28000
"710","Female","Walked",8,31,1e+05
"711","Female","Walked",1,40,11500
"712","Female","Walked",4,28,13630
"713","Female","Walked",15,26,52000
"714","Female","Walked",2,60,8800
"715","Female","Walked",5,62,45000
"716","Female","Walked",5,52,20000
"717","Female","Walked",20,41,46000
"718","Female","Walked",10,39,15700
"719","Female","Walked",40,54,28000
"720","Female","Walked",10,62,57000
"721","Female","Walked",10,72,59600
"722","Female","Walked",10,60,24000
"723","Female","Walked",20,20,20800
"724","Female","Walked",20,27,14700
"725","Female","Walked",10,52,1e+05
"726","Female","Walked",20,60,15800
"727","Female","Walked",3,54,19000
"728","Female","Walked",30,39,16000
"729","Female","Walked",30,28,90000
"730","Female","Walked",25,24,80000
"731","Female","Walked",1,38,23000
"732","Female","Walked",10,19,1700
"733","Female","Walked",5,45,9000
"734","Female","Walked",10,69,20200
"735","Female","Walked",20,28,80000
"736","Female","Walked",20,24,16000
"737","Female","Walked",15,24,33000
"738","Female","Walked",25,40,30600
"739","Female","Walked",12,39,17000
"740","Female","Walked",10,22,53300
"741","Female","Walked",10,40,15000
"742","Female","Walked",3,57,50000
"743","Female","Walked",10,22,10000
"744","Female","Walked",35,33,85000
"745","Female","Walked",15,29,18000
"746","Female","Walked",30,22,40000
"747","Female","Walked",30,28,92000
"748","Female","Walked",1,26,65000
"749","Female","Walked",10,54,32000
"750","Female","Walked",20,30,120100
"751","Female","Walked",10,35,75000
"752","Female","Walked",20,23,11800
"753","Female","Walked",5,55,50000
"754","Female","Walked",12,43,105000
"755","Female","Walked",30,26,13000
"756","Female","Walked",70,78,748000
"757","Female","Walked",15,72,54500
"758","Female","Walked",10,41,4200
"759","Female","Walked",15,37,17500
"760","Female","Walked",10,23,57000
"761","Female","Walked",10,23,25000
"762","Female","Walked",15,22,27000
"763","Female","Walked",20,45,65000
"764","Female","Walked",5,36,90000
"765","Female","Walked",5,27,50000
"766","Female","Walked",1,31,12000
"767","Female","Walked",45,45,120000
"768","Female","Walked",20,65,78000
"769","Female","Walked",10,34,25000
"770","Female","Walked",10,51,16800
"771","Female","Walked",10,28,30000
"772","Female","Walked",15,45,10600
"773","Female","Walked",10,35,13700
"774","Female","Walked",10,54,30000
"775","Female","Walked",22,48,35900
"776","Female","Walked",40,62,35000
"777","Female","Walked",10,42,40000
"778","Female","Walked",10,67,116000
"779","Female","Walked",10,29,35000
"780","Female","Walked",15,21,2500
"781","Female","Walked",4,35,41000
"782","Female","Walked",4,33,3600
"783","Female","Walked",2,56,27700
"784","Female","Walked",30,25,26000
"785","Female","Walked",5,43,15600
"786","Female","Walked",10,48,42000
"787","Female","Walked",5,42,87900
"788","Female","Walked",5,19,5000
"789","Female","Walked",5,60,20200
"790","Female","Walked",30,59,55000
"791","Female","Walked",5,19,5000
"792","Female","Walked",10,26,40000
"793","Female","Walked",20,33,90000
"794","Female","Walked",5,53,75000
"795","Female","Walked",3,24,22000
"796","Female","Walked",5,24,23100
"797","Female","Walked",15,56,25000
"798","Female","Walked",10,56,50000
"799","Female","Walked",10,36,30000
"800","Female","Walked",10,28,90000
"801","Female","Walked",138,30,1e+05
"802","Female","Walked",15,87,25500
"803","Female","Walked",15,37,250000
"804","Female","Walked",3,23,35000
"805","Female","Walked",6,51,25000
"806","Female","Walked",15,60,18000
"807","Female","Walked",3,74,4500
"808","Female","Walked",25,32,127000
"809","Female","Walked",15,19,3000
"810","Female","Walked",5,42,2900
"811","Female","Walked",3,23,130000
"812","Female","Walked",5,41,35000
"813","Female","Walked",10,59,12500
"814","Female","Walked",5,21,20000
"815","Female","Walked",25,34,77000
"816","Female","Walked",15,53,9000
"817","Female","Walked",10,61,24600
"818","Female","Walked",8,20,11000
"819","Female","Walked",5,65,4500
"820","Female","Walked",15,27,1100
"821","Female","Walked",15,30,2000
"822","Female","Walked",15,28,5800
"823","Female","Walked",15,22,11000
"824","Female","Walked",15,31,22000
"825","Female","Walked",5,28,75000
"826","Female","Walked",4,50,38000
"827","Female","Walked",5,21,10000
"828","Female","Walked",14,52,119000
"829","Female","Walked",5,27,25000
"830","Female","Walked",15,34,53000
"831","Female","Walked",10,22,6000
"832","Female","Walked",1,51,24000
"833","Female","Walked",20,54,7000
"834","Female","Walked",30,38,75000
"835","Female","Walked",2,46,50000
"836","Female","Walked",30,63,31800
"837","Female","Walked",1,21,4900
"838","Female","Walked",5,47,35000
"839","Female","Walked",5,33,50000
"840","Female","Walked",20,60,44000
"841","Female","Walked",10,41,13000
"842","Female","Walked",20,24,65000
"843","Female","Walked",20,23,45000
"844","Female","Walked",15,32,1e+05
"845","Female","Walked",20,48,16200
"846","Female","Walked",15,45,14400
"847","Female","Walked",15,63,5000
"848","Female","Walked",10,38,1e+05
"849","Female","Walked",20,29,65000
"850","Female","Walked",15,31,150000
"851","Female","Walked",60,71,25000
"852","Female","Walked",10,35,200400
"853","Female","Walked",15,21,7000
"854","Female","Walked",15,57,50000
"855","Female","Walked",15,25,12000
"856","Female","Walked",30,27,26200
"857","Female","Walked",15,27,50000
"858","Female","Walked",40,23,2000
"859","Female","Walked",5,23,12000
"860","Female","Walked",5,35,55000
"861","Female","Walked",20,50,22800
"862","Female","Walked",20,23,16700
"863","Female","Walked",2,35,74000
"864","Female","Walked",15,20,10000
"865","Female","Walked",5,21,3000
"866","Female","Walked",10,28,35000
"867","Female","Walked",5,20,170
"868","Female","Walked",5,20,4000
"869","Female","Walked",5,20,2000
"870","Female","Walked",5,20,3000
"871","Female","Walked",5,21,320
"872","Female","Walked",5,19,1800
"873","Female","Walked",10,21,5550
"874","Female","Walked",5,80,27500
"875","Female","Walked",5,20,7000
"876","Female","Walked",5,19,15000
"877","Female","Walked",5,20,4000
"878","Female","Walked",10,21,3000
"879","Female","Walked",5,23,8800
"880","Female","Walked",5,20,2000
"881","Female","Walked",10,19,1500
"882","Female","Walked",20,19,4200
"883","Female","Walked",10,19,1600
"884","Female","Walked",5,80,27500
"885","Female","Walked",5,21,6000
"886","Female","Walked",1,22,6600
"887","Female","Walked",5,20,1100
"888","Female","Walked",10,21,22700
"889","Female","Walked",10,19,2000
"890","Female","Walked",15,20,700
"891","Female","Walked",5,19,2000
"892","Female","Walked",5,21,1000
"893","Female","Walked",10,19,3500
"894","Female","Walked",5,19,2500
"895","Female","Walked",10,21,9900
"896","Female","Walked",2,23,220
"897","Female","Walked",25,20,700
"898","Female","Walked",20,20,4000
"899","Female","Walked",2,20,6000
"900","Female","Walked",15,19,5000
"901","Female","Walked",5,22,25000
"902","Female","Walked",5,20,5000
"903","Female","Walked",5,21,4000
"904","Female","Walked",10,24,4000
"905","Female","Walked",5,19,14300
"906","Female","Walked",5,21,4000
"907","Female","Walked",5,20,4000
"908","Female","Walked",5,21,4000
"909","Female","Walked",5,21,4000
"910","Female","Walked",5,20,3000
"911","Female","Walked",5,19,14300
"912","Female","Walked",10,23,12000
"913","Female","Walked",10,20,4050
"914","Female","Walked",20,20,3500
"915","Female","Walked",5,20,350
"916","Female","Walked",20,19,4200
"917","Female","Walked",5,21,4000
"918","Female","Walked",15,19,1500
"919","Female","Walked",5,21,6000
"920","Female","Walked",15,20,4000
"921","Female","Walked",15,28,36000
"922","Female","Walked",5,20,10000
"923","Female","Walked",15,20,3000
"924","Female","Walked",5,19,87100
"925","Female","Walked",10,22,2000
"926","Female","Walked",5,20,5000
"927","Female","Walked",10,22,2410
"928","Female","Walked",15,23,2000
"929","Female","Walked",10,20,2000
"930","Female","Walked",5,19,1800
"931","Female","Walked",15,20,5000
"932","Female","Walked",10,21,4000
"933","Female","Walked",20,23,5400
"934","Female","Walked",5,19,1000
"935","Female","Walked",5,20,5000
"936","Female","Walked",10,19,600
"937","Female","Walked",10,19,6000
"938","Female","Walked",8,19,8000
"939","Female","Walked",5,19,2500
"940","Female","Walked",5,19,2000
"941","Female","Walked",10,22,3000
"942","Female","Walked",12,19,150
"943","Female","Walked",5,20,15000
"944","Female","Walked",10,22,1500
"945","Female","Walked",15,20,4000
"946","Female","Walked",5,19,3300
"947","Female","Walked",3,21,12000
"948","Female","Walked",10,22,2000
"949","Female","Walked",10,19,2000
"950","Female","Walked",5,28,35000
"951","Female","Walked",15,21,4600
"952","Female","Walked",10,26,35000
"953","Female","Walked",5,21,1000
"954","Female","Walked",15,19,820
"955","Female","Walked",8,20,15000
"956","Female","Walked",5,39,19300
"957","Female","Walked",10,19,1000
"958","Female","Walked",10,21,1000
"959","Female","Walked",15,19,900
"960","Female","Walked",10,20,3000
"961","Female","Walked",5,52,14100
"962","Female","Walked",3,19,2000
"963","Female","Walked",2,20,2000
"964","Female","Walked",5,19,650
"965","Female","Walked",25,25,35000
"966","Female","Walked",10,20,2000
"967","Female","Walked",5,20,15000
"968","Female","Walked",15,20,5000
"969","Female","Walked",10,20,3000
"970","Female","Walked",15,20,10000
"971","Female","Walked",5,21,6000
"972","Female","Walked",5,19,7920
"973","Female","Walked",2,20,6000
"974","Female","Walked",5,21,320
"975","Female","Walked",5,19,15000
"976","Female","Walked",8,20,1000
"977","Female","Walked",10,22,4000
"978","Female","Walked",15,20,4000
"979","Female","Walked",5,21,6000
"980","Female","Walked",15,24,1800
"981","Female","Walked",5,19,4000
"982","Female","Walked",5,19,15000
"983","Female","Walked",10,55,98000
"984","Female","Walked",7,50,8800
"985","Female","Walked",25,44,3000
"986","Female","Walked",15,27,23000
"987","Female","Walked",15,47,35500
"988","Female","Walked",50,56,39000
"989","Female","Walked",15,57,10600
"990","Female","Walked",15,20,9000
"991","Female","Walked",5,31,18000
"992","Female","Walked",1,52,13800
"993","Female","Walked",15,42,38900
"994","Female","Walked",30,27,2020
"995","Female","Walked",15,37,65000
"996","Female","Walked",1,50,45000
"997","Female","Walked",15,23,21600
"998","Female","Walked",15,21,16000
"999","Female","Walked",3,19,2700
"1000","Female","Walked",3,53,45000
"1001","Female","Walked",138,32,3000
"1002","Female","Walked",15,58,13500
"1003","Female","Walked",20,46,685000
"1004","Female","Walked",15,49,318000
"1005","Female","Walked",15,61,14000
"1006","Female","Walked",20,75,49400
"1007","Female","Walked",20,28,145000
"1008","Female","Walked",10,57,85000
"1009","Female","Walked",30,30,44000
"1010","Female","Walked",5,52,35000
"1011","Female","Walked",20,35,191000
"1012","Female","Walked",5,36,24000
"1013","Female","Walked",15,37,35000
"1014","Female","Walked",10,43,20000
"1015","Female","Walked",15,24,18000
"1016","Female","Walked",15,45,28000
"1017","Female","Walked",1,50,53500
"1018","Female","Walked",5,39,75000
"1019","Female","Walked",5,33,50000
"1020","Female","Walked",20,28,12600
"1021","Female","Walked",30,60,23600
"1022","Female","Walked",10,26,14600
"1023","Female","Walked",15,54,51000
"1024","Female","Walked",10,39,140000
"1025","Female","Walked",15,39,3500
"1026","Female","Walked",15,50,5000
"1027","Female","Walked",5,22,45000
"1028","Female","Walked",2,20,450
"1029","Female","Walked",20,34,55600
"1030","Female","Walked",30,53,50000
"1031","Female","Walked",5,67,123000
"1032","Female","Walked",1,77,29900
"1033","Female","Walked",10,67,16500
"1034","Female","Walked",10,35,203000
"1035","Female","Walked",15,62,6000
"1036","Female","Walked",2,61,59000
"1037","Female","Walked",10,51,6000
"1038","Female","Walked",30,27,50000
"1039","Female","Walked",10,59,52000
"1040","Female","Walked",12,43,120000
"1041","Female","Walked",20,26,62000
"1042","Female","Walked",20,68,142000
"1043","Female","Walked",15,30,35000
"1044","Female","Walked",15,28,36000
"1045","Female","Walked",10,30,6000
"1046","Female","Walked",5,25,20000
"1047","Female","Walked",5,54,42700
"1048","Female","Walked",40,21,12000
"1049","Female","Walked",45,26,25000
"1050","Female","Walked",1,36,12000
"1051","Female","Walked",8,32,10000
"1052","Female","Walked",15,62,10700
"1053","Female","Walked",15,25,210000
"1054","Female","Walked",15,40,8000
"1055","Female","Walked",15,31,64000
"1056","Female","Walked",30,31,180000
"1057","Female","Walked",20,19,2500
"1058","Female","Walked",10,31,75500
"1059","Female","Walked",10,60,15000
"1060","Female","Walked",8,22,40000
"1061","Female","Walked",4,22,15000
"1062","Female","Walked",20,39,94000
"1063","Female","Walked",20,39,35000
"1064","Female","Walked",1,35,4600
"1065","Female","Walked",5,20,5300
"1066","Female","Walked",15,27,90000
"1067","Female","Walked",10,47,40000
"1068","Female","Walked",25,41,165000
"1069","Female","Walked",10,30,165000
"1070","Female","Walked",10,63,70150
"1071","Female","Walked",15,25,2e+05
"1072","Female","Walked",48,32,55000
"1073","Female","Walked",15,28,1e+05
"1074","Female","Walked",2,56,150000
"1075","Female","Walked",5,24,3700
"1076","Female","Walked",20,40,24000
"1077","Female","Walked",10,25,5000
"1078","Female","Walked",30,27,14100
"1079","Female","Walked",10,23,112000
"1080","Female","Walked",3,23,117000
"1081","Female","Walked",15,23,112000
"1082","Female","Walked",5,49,25900
"1083","Female","Walked",5,21,29800
"1084","Female","Walked",3,26,10400
"1085","Female","Walked",45,21,6000
"1086","Female","Walked",5,22,5800
"1087","Female","Walked",5,45,10000
"1088","Female","Walked",15,49,15000
"1089","Female","Walked",15,24,50000
"1090","Female","Walked",15,54,47000
"1091","Female","Walked",15,60,25000
"1092","Female","Walked",30,27,20000
"1093","Female","Walked",2,23,25000
"1094","Female","Walked",12,36,75000
"1095","Female","Walked",10,48,17000
"1096","Female","Walked",15,36,1000
"1097","Female","Walked",15,20,2800
"1098","Female","Walked",5,58,26000
"1099","Female","Walked",20,54,15000
"1100","Female","Walked",5,20,1600
"1101","Female","Walked",5,33,62000
"1102","Female","Walked",15,50,685000
"1103","Female","Walked",2,36,5000
"1104","Female","Walked",2,25,11000
"1105","Female","Walked",5,58,9900
"1106","Female","Walked",10,59,10100
"1107","Female","Walked",10,59,12000
"1108","Female","Walked",15,29,20000
"1109","Female","Walked",5,34,35000
"1110","Female","Walked",15,64,10000
"1111","Female","Walked",5,59,68000
"1112","Female","Walked",20,56,20000
"1113","Female","Walked",7,32,170000
"1114","Female","Walked",20,50,800
"1115","Female","Walked",5,41,3e+05
"1116","Female","Walked",12,27,50000
"1117","Female","Walked",5,34,36000
"1118","Female","Walked",15,45,20000
"1119","Female","Walked",1,40,80000
"1120","Female","Walked",15,42,22000
"1121","Female","Walked",40,56,37000
"1122","Female","Walked",20,62,170600
"1123","Female","Walked",5,50,19500
"1124","Female","Walked",5,48,44000
"1125","Female","Walked",20,26,1000
"1126","Female","Walked",25,53,660000
"1127","Female","Walked",5,30,50000
"1128","Female","Walked",10,29,133000
"1129","Female","Walked",5,24,6500
"1130","Female","Walked",5,23,30000
"1131","Female","Walked",5,58,83000
"1132","Female","Walked",2,19,7000
"1133","Female","Walked",15,34,220
"1134","Female","Walked",10,22,5600
"1135","Female","Walked",20,29,115000
"1136","Female","Walked",20,44,16400
"1137","Female","Walked",20,42,58000
"1138","Female","Walked",15,39,13000
"1139","Female","Walked",15,38,95000
"1140","Female","Walked",15,35,35000
"1141","Female","Walked",15,54,17000
"1142","Female","Walked",10,37,3000
"1143","Female","Walked",20,61,105000
"1144","Female","Walked",20,34,81000
"1145","Female","Walked",10,65,56600
"1146","Female","Walked",10,27,2400
"1147","Female","Walked",30,51,14000
"1148","Female","Walked",20,33,175000
"1149","Female","Walked",1,64,22100
"1150","Female","Walked",20,64,20000
"1151","Female","Walked",138,36,102200
"1152","Female","Walked",55,46,19000
"1153","Female","Walked",5,46,48700
"1154","Female","Walked",10,27,18000
"1155","Female","Walked",20,35,7000
"1156","Female","Walked",7,20,12000
"1157","Female","Walked",2,24,13000
"1158","Female","Walked",1,22,10000
"1159","Female","Walked",5,25,9000
"1160","Female","Walked",15,58,73000
"1161","Female","Walked",5,60,38000
"1162","Female","Walked",10,40,52000
"1163","Female","Walked",30,56,99000
"1164","Female","Walked",1,23,12400
"1165","Female","Walked",15,24,10200
"1166","Female","Walked",20,23,16900
"1167","Female","Walked",10,21,1800
"1168","Female","Walked",2,19,6500
"1169","Female","Walked",5,49,120000
"1170","Female","Walked",10,28,26000
"1171","Female","Walked",10,23,20000
"1172","Female","Walked",20,28,60000
"1173","Female","Walked",35,48,20000
"1174","Female","Walked",39,23,5000
"1175","Female","Walked",10,26,5000
"1176","Female","Walked",1,54,32200
"1177","Female","Walked",5,76,168000
"1178","Female","Walked",10,34,15000
"1179","Female","Walked",25,33,47500
"1180","Female","Walked",6,40,8000
"1181","Female","Walked",15,27,30000
"1182","Female","Walked",25,26,49200
"1183","Female","Walked",5,56,32000
"1184","Female","Walked",15,19,3600
"1185","Female","Walked",8,23,17000
"1186","Female","Walked",10,27,38000
"1187","Female","Walked",4,20,23000
"1188","Female","Walked",25,46,15000
"1189","Female","Walked",15,28,113200
"1190","Female","Walked",15,51,40000
"1191","Female","Walked",20,53,18000
"1192","Female","Walked",12,59,39000
"1193","Female","Walked",5,21,5000
"1194","Female","Walked",20,51,33100
"1195","Female","Walked",15,44,32600
"1196","Female","Walked",10,34,31000
"1197","Female","Walked",30,68,50300
"1198","Female","Walked",20,56,113000
"1199","Female","Walked",5,47,39000
"1200","Female","Walked",5,43,35000
"1201","Female","Walked",55,45,50000
"1202","Female","Walked",20,26,18000
"1203","Female","Walked",30,51,15000
"1204","Female","Walked",30,21,360
"1205","Female","Walked",5,89,16400
"1206","Female","Walked",12,29,53000
"1207","Female","Walked",2,19,20000
"1208","Female","Walked",15,21,3000
"1209","Female","Walked",5,53,30000
"1210","Female","Walked",60,45,12000
"1211","Female","Walked",5,36,16000
"1212","Female","Walked",20,32,56300
"1213","Female","Walked",10,37,30000
"1214","Female","Walked",5,33,7270
"1215","Female","Walked",20,27,72000
"1216","Female","Walked",15,25,60000
"1217","Female","Walked",20,27,50000
"1218","Female","Walked",15,22,18200
"1219","Female","Walked",10,63,40000
"1220","Female","Walked",15,45,4200
"1221","Female","Walked",10,49,19000
"1222","Female","Walked",35,43,105000
"1223","Female","Walked",10,56,135000
"1224","Female","Walked",20,26,1e+05
"1225","Female","Walked",8,32,50000
"1226","Female","Walked",3,31,90000
"1227","Female","Walked",15,57,14000
"1228","Female","Walked",2,67,37200
"1229","Female","Walked",10,28,50500
"1230","Female","Walked",3,39,28000
"1231","Female","Walked",30,38,105000
"1232","Female","Walked",10,30,70000
"1233","Female","Walked",15,46,25000
"1234","Female","Walked",5,22,18000
"1235","Female","Walked",5,45,61000
"1236","Female","Walked",10,27,47500
"1237","Female","Walked",10,24,14000
"1238","Female","Walked",20,48,65000
"1239","Female","Walked",40,73,40700
"1240","Female","Walked",15,47,14100
"1241","Female","Walked",2,46,60000
"1242","Female","Walked",1,49,51000
"1243","Female","Walked",60,34,10000
"1244","Female","Walked",20,43,23800
"1245","Female","Walked",45,65,170000
"1246","Female","Walked",4,27,4800
"1247","Female","Walked",15,48,100010
"1248","Female","Walked",5,58,45000
"1249","Female","Walked",10,26,10400
"1250","Female","Walked",10,27,10400
"1251","Female","Walked",45,82,15900
"1252","Female","Walked",15,67,64200
"1253","Female","Walked",18,30,35000
"1254","Female","Walked",10,63,47000
"1255","Female","Walked",10,39,24300
"1256","Female","Walked",5,24,4420
"1257","Female","Walked",25,53,58000
"1258","Female","Walked",8,46,22800
"1259","Female","Walked",15,19,20000
"1260","Female","Walked",15,62,113000
"1261","Female","Walked",20,33,5000
"1262","Female","Walked",5,23,1400
"1263","Female","Walked",15,53,35700
"1264","Female","Walked",10,53,25000
"1265","Female","Walked",10,51,45000
"1266","Female","Walked",20,24,40000
"1267","Female","Walked",75,19,20000
"1268","Female","Walked",40,41,240050
"1269","Female","Walked",15,26,8000
"1270","Female","Walked",15,25,50000
"1271","Female","Walked",20,40,50000
"1272","Female","Walked",15,26,6200
"1273","Female","Walked",5,34,2200
"1274","Female","Walked",7,39,19700
"1275","Female","Walked",90,33,3e+05
"1276","Female","Walked",10,22,17500
"1277","Female","Walked",10,62,17000
"1278","Female","Walked",30,60,50000
"1279","Female","Walked",5,57,18000
"1280","Female","Walked",5,37,11900
"1281","Female","Walked",5,67,37100
"1282","Female","Walked",5,45,220000
"1283","Female","Walked",20,59,2e+05
"1284","Female","Walked",30,49,78000
"1285","Female","Walked",10,22,3000
"1286","Female","Walked",30,26,60000
"1287","Female","Walked",10,35,30200
"1288","Female","Walked",5,65,114400
"1289","Female","Walked",15,29,20000
"1290","Female","Walked",50,45,15000
"1291","Female","Walked",7,34,135000
"1292","Female","Walked",5,45,53000
"1293","Female","Walked",12,22,200
"1294","Female","Walked",12,23,790
"1295","Female","Walked",12,23,430
"1296","Female","Walked",10,32,55000
"1297","Female","Walked",10,36,30000
"1298","Female","Walked",20,24,8600
"1299","Female","Walked",25,24,45000
"1300","Female","Walked",10,28,2e+05
"1301","Female","Walked",20,26,40000
"1302","Female","Walked",8,32,48050
"1303","Female","Walked",25,62,34200
"1304","Female","Walked",10,58,27000
"1305","Female","Walked",5,20,1800
"1306","Female","Walked",5,85,156600
"1307","Female","Walked",5,69,28800
"1308","Female","Walked",25,66,20300
"1309","Female","Walked",1,47,33000
"1310","Female","Walked",10,33,26000
"1311","Female","Walked",20,27,70000
"1312","Female","Walked",10,27,60000
"1313","Female","Walked",15,48,10500
"1314","Female","Walked",5,38,32000
"1315","Female","Walked",2,51,33000
"1316","Female","Walked",20,59,13000
"1317","Female","Walked",10,81,236800
"1318","Female","Walked",2,42,15000
"1319","Female","Walked",1,33,67000
"1320","Female","Walked",15,47,10400
"1321","Female","Walked",25,60,5900
"1322","Female","Walked",15,30,110000
"1323","Female","Walked",10,45,12000
"1324","Female","Walked",5,58,43000
"1325","Female","Walked",15,39,19600
"1326","Female","Walked",20,51,13400
"1327","Female","Walked",34,42,20000
"1328","Female","Walked",3,23,9000
"1329","Female","Walked",10,42,18500
"1330","Female","Walked",10,34,42000
"1331","Female","Walked",10,25,2000
"1332","Female","Walked",10,53,117400
"1333","Female","Walked",5,25,42000
"1334","Female","Walked",15,34,40000
"1335","Female","Walked",6,37,69030
"1336","Female","Walked",15,39,13000
"1337","Female","Walked",15,24,79000
"1338","Female","Walked",10,50,2500
"1339","Female","Walked",15,28,45000
"1340","Female","Walked",5,56,17000
"1341","Female","Walked",5,23,12000
"1342","Female","Walked",8,30,60000
"1343","Female","Walked",20,62,32000
"1344","Female","Walked",25,56,135000
"1345","Female","Walked",5,23,22200
"1346","Female","Walked",25,33,160300
"1347","Female","Walked",6,53,30000
"1348","Female","Walked",15,51,30000
"1349","Female","Walked",20,70,41000
"1350","Female","Walked",10,56,36430
"1351","Female","Walked",5,45,6500
"1352","Female","Walked",20,46,89000
"1353","Female","Walked",20,27,50000
"1354","Female","Walked",5,58,1500
"1355","Female","Walked",10,34,26000
"1356","Female","Walked",3,32,50020
"1357","Female","Walked",10,55,91000
"1358","Female","Walked",5,79,78200
"1359","Female","Walked",20,24,1e+05
"1360","Female","Walked",15,51,45000
"1361","Female","Walked",20,35,1e+05
"1362","Female","Walked",5,34,1500
"1363","Female","Walked",30,41,25000
"1364","Female","Walked",25,41,3200
"1365","Female","Walked",20,27,50210
"1366","Female","Walked",60,44,54000
"1367","Female","Walked",75,35,50000
"1368","Female","Walked",30,34,68000
"1369","Female","Walked",10,59,67000
"1370","Female","Walked",15,58,53000
"1371","Female","Walked",1,32,60000
"1372","Female","Walked",20,42,30000
"1373","Female","Walked",5,41,27700
"1374","Female","Walked",10,26,25000
"1375","Female","Walked",5,53,11000
"1376","Female","Walked",25,37,17000
"1377","Female","Walked",15,34,82000
"1378","Female","Walked",5,30,16230
"1379","Female","Walked",10,64,2e+05
"1380","Female","Walked",20,28,14900
"1381","Female","Walked",20,32,10000
"1382","Female","Walked",10,42,26000
"1383","Female","Walked",1,59,42450
"1384","Female","Walked",15,46,16000
"1385","Female","Walked",10,58,45800
"1386","Female","Walked",20,31,102000
"1387","Female","Walked",20,30,85000
"1388","Female","Walked",10,22,85000
"1389","Female","Walked",10,30,30000
"1390","Female","Walked",10,34,21600
"1391","Female","Walked",25,53,1e+05
"1392","Female","Walked",10,64,210000
"1393","Female","Walked",15,46,81060
"1394","Female","Walked",10,60,60000
"1395","Female","Walked",10,69,35200
"1396","Female","Walked",90,59,89000
"1397","Female","Walked",30,48,4e+05
"1398","Female","Walked",20,22,17100
"1399","Female","Walked",1,44,35000
"1400","Female","Walked",2,66,14700
"1401","Female","Walked",15,44,90000
"1402","Female","Walked",30,55,110000
"1403","Female","Walked",15,55,16000
"1404","Female","Walked",10,49,30000
"1405","Female","Walked",15,30,1e+05
"1406","Female","Walked",15,40,9000
"1407","Female","Walked",10,44,10000
"1408","Female","Walked",15,25,16000
"1409","Female","Walked",15,56,12000
"1410","Female","Walked",5,19,16400
"1411","Female","Walked",10,50,30000
"1412","Female","Walked",15,60,53000
"1413","Female","Walked",15,51,74000
"1414","Female","Walked",30,22,342000
"1415","Female","Walked",10,54,50000
"1416","Female","Walked",10,23,56000
"1417","Female","Walked",5,23,20000
"1418","Female","Walked",5,24,90000
"1419","Female","Walked",2,26,6200
"1420","Female","Walked",1,52,113000
"1421","Female","Walked",10,23,24000
"1422","Female","Walked",40,63,34000
"1423","Female","Walked",16,46,19000
"1424","Female","Walked",2,42,25000
"1425","Female","Walked",5,56,13100
"1426","Female","Walked",10,42,23000
"1427","Female","Walked",20,59,20800
"1428","Female","Walked",15,54,140000
"1429","Female","Walked",5,81,36000
"1430","Female","Walked",15,21,10000
"1431","Female","Walked",20,21,1000
"1432","Female","Walked",60,45,67000
"1433","Female","Walked",15,65,40400
"1434","Female","Walked",10,59,185000
"1435","Female","Walked",10,59,15000
"1436","Female","Walked",4,57,136500
"1437","Female","Walked",45,50,25000
"1438","Female","Walked",6,60,55000
"1439","Female","Walked",10,62,28080
"1440","Female","Walked",15,64,26000
"1441","Female","Walked",7,39,59000
"1442","Female","Walked",25,23,9000
"1443","Female","Walked",7,30,50000
"1444","Female","Walked",5,36,12400
"1445","Female","Walked",20,47,50000
"1446","Female","Walked",5,37,12700
"1447","Female","Walked",10,54,144000
"1448","Female","Walked",8,64,2e+05
"1449","Female","Walked",25,63,31750
"1450","Female","Walked",7,66,1e+05
"1451","Female","Walked",25,24,120000
"1452","Female","Walked",7,73,84900
"1453","Female","Walked",5,61,60000
"1454","Female","Walked",1,48,49000
"1455","Female","Walked",4,48,120000
"1456","Female","Walked",10,22,2500
"1457","Female","Walked",100,31,40000
"1458","Female","Walked",30,61,23000
"1459","Female","Walked",15,25,28000
"1460","Female","Walked",45,39,120000
"1461","Female","Walked",15,62,27000
"1462","Female","Walked",25,49,22000
"1463","Female","Walked",25,53,85000
"1464","Female","Walked",10,32,30000
"1465","Female","Walked",30,26,2300
"1466","Female","Walked",20,52,350000
"1467","Female","Walked",10,57,8600
"1468","Female","Walked",20,53,27000
"1469","Female","Walked",25,24,30000
"1470","Female","Walked",40,28,75000
"1471","Female","Walked",18,25,40000
"1472","Female","Walked",90,37,17000
"1473","Female","Walked",15,67,47500
"1474","Female","Walked",10,30,85000
"1475","Female","Walked",20,25,28100
"1476","Female","Walked",20,63,75300
"1477","Female","Walked",10,26,24000
"1478","Female","Walked",10,29,24000
"1479","Female","Walked",30,64,1e+05
"1480","Female","Walked",7,71,36400
"1481","Female","Walked",5,24,48000
"1482","Female","Walked",5,44,10000
"1483","Female","Walked",45,45,350000
"1484","Female","Walked",5,23,38000
"1485","Female","Walked",15,56,75000
"1486","Female","Walked",5,53,27000
"1487","Female","Walked",5,34,16000
"1488","Female","Walked",15,55,10000
"1489","Female","Walked",25,32,145000
"1490","Female","Walked",15,41,13400
"1491","Female","Walked",20,56,80000
"1492","Female","Walked",15,22,21100
"1493","Female","Walked",10,52,26000
"1494","Female","Walked",20,62,120000
"1495","Female","Walked",20,23,25000
"1496","Female","Walked",2,34,55000
"1497","Female","Walked",15,35,80000
"1498","Female","Walked",10,35,5000
"1499","Female","Walked",30,31,31000
"1500","Female","Walked",10,30,59000
"1501","Female","Walked",15,69,144000
"1502","Female","Walked",30,50,20800
"1503","Female","Walked",15,52,13000
"1504","Female","Walked",15,49,50000
"1505","Female","Walked",22,65,84000
"1506","Female","Walked",20,52,25000
"1507","Female","Walked",15,40,53000
"1508","Female","Walked",5,69,105000
"1509","Female","Walked",12,31,167100
"1510","Female","Walked",20,60,26000
"1511","Female","Walked",2,19,4000
"1512","Female","Walked",20,28,23000
"1513","Female","Walked",2,42,9800
"1514","Female","Walked",40,50,51000
"1515","Female","Walked",5,74,16500
"1516","Female","Walked",10,23,33000
"1517","Female","Walked",40,26,32000
"1518","Female","Walked",5,36,22140
"1519","Female","Walked",5,26,5000
"1520","Female","Walked",15,72,60300
"1521","Female","Walked",25,48,350000
"1522","Female","Walked",5,59,21400
"1523","Female","Walked",10,25,63000
"1524","Female","Walked",20,50,92100
"1525","Female","Walked",15,31,53000
"1526","Female","Walked",3,32,900
"1527","Female","Walked",15,44,33000
"1528","Female","Walked",10,30,55000
"1529","Female","Walked",30,38,14000
"1530","Female","Walked",15,36,93000
"1531","Female","Walked",30,50,10400
"1532","Female","Walked",10,51,12500
"1533","Female","Walked",7,63,1e+05
"1534","Female","Walked",5,70,19000
"1535","Female","Walked",5,53,21900
"1536","Female","Walked",15,44,82000
"1537","Female","Walked",35,25,170000
"1538","Female","Walked",30,25,91000
"1539","Female","Walked",10,27,42000
"1540","Female","Walked",1,40,50000
"1541","Female","Walked",5,55,54000
"1542","Female","Walked",5,44,88000
"1543","Female","Walked",60,47,20000
"1544","Female","Walked",20,33,12000
"1545","Female","Walked",10,43,46000
"1546","Female","Walked",20,57,155000
"1547","Female","Walked",6,55,121400
"1548","Female","Walked",7,60,128000
"1549","Female","Walked",15,45,24000
"1550","Female","Walked",15,75,15900
"1551","Female","Walked",15,24,48000
"1552","Female","Walked",5,23,10000
"1553","Female","Walked",20,55,133000
"1554","Female","Walked",15,51,16000
"1555","Female","Walked",10,57,64000
"1556","Female","Walked",10,61,94000
"1557","Female","Walked",20,32,40000
"1558","Female","Walked",5,61,1e+05
"1559","Female","Walked",10,33,17000
"1560","Female","Walked",7,23,7000
"1561","Female","Walked",13,53,80000
"1562","Female","Walked",23,52,28500
"1563","Female","Walked",138,55,35000
"1564","Female","Walked",60,63,12000
"1565","Female","Walked",15,25,10000
"1566","Female","Walked",10,49,22000
"1567","Female","Walked",15,31,61000
"1568","Female","Walked",25,42,9500
"1569","Female","Walked",10,50,38000
"1570","Female","Walked",5,54,60000
"1571","Female","Walked",10,54,20800
"1572","Female","Walked",10,25,30000
"1573","Female","Walked",10,40,13200
"1574","Female","Walked",3,25,50000
"1575","Female","Walked",3,23,31000
"1576","Female","Walked",15,30,12000
"1577","Female","Walked",5,54,40000
"1578","Female","Walked",10,24,58000
"1579","Female","Walked",30,20,15000
"1580","Female","Walked",35,28,170000
"1581","Female","Walked",35,44,22300
"1582","Female","Walked",40,32,4000
"1583","Female","Walked",30,24,13000
"1584","Female","Walked",15,23,15000
"1585","Female","Walked",20,57,41600
"1586","Female","Walked",20,50,55000
"1587","Female","Walked",20,22,1200
"1588","Female","Walked",20,21,1000
"1589","Female","Walked",10,68,22000
"1590","Female","Walked",15,28,40000
"1591","Female","Walked",30,60,8400
"1592","Female","Walked",10,59,95000
"1593","Female","Walked",50,64,5000
"1594","Female","Walked",35,54,72700
"1595","Female","Walked",2,48,50000
"1596","Female","Walked",20,40,250000
"1597","Female","Walked",25,47,116400
"1598","Female","Walked",15,24,20000
"1599","Female","Walked",15,23,20000
"1600","Female","Walked",5,32,20000
"1601","Female","Walked",45,40,40000
"1602","Female","Walked",20,50,12000
"1603","Female","Walked",40,61,23100
"1604","Female","Walked",25,54,65000
"1605","Female","Walked",30,38,14000
"1606","Female","Walked",15,28,1e+05
"1607","Female","Walked",15,34,103000
"1608","Female","Walked",25,28,145000
"1609","Female","Walked",5,23,12000
"1610","Female","Walked",17,65,236500
"1611","Female","Walked",7,53,18000
"1612","Female","Walked",10,71,27700
"1613","Female","Walked",10,36,22000
"1614","Female","Walked",15,22,15000
"1615","Female","Walked",20,23,12000
"1616","Female","Walked",20,47,20000
"1617","Female","Walked",5,42,8300
"1618","Female","Walked",1,28,12000
"1619","Female","Walked",2,32,155000
"1620","Female","Walked",20,61,62000
"1621","Female","Walked",5,26,75000
"1622","Female","Walked",10,24,80000
"1623","Female","Walked",10,27,79000
"1624","Female","Walked",10,26,79000
"1625","Female","Walked",10,25,80000
"1626","Female","Walked",15,35,19000
"1627","Female","Walked",20,27,150000
"1628","Female","Walked",5,30,88000
"1629","Female","Walked",15,37,170000
"1630","Female","Walked",10,66,12000
"1631","Female","Walked",8,58,320000
"1632","Female","Walked",15,40,50000
"1633","Female","Walked",20,55,39000
"1634","Female","Walked",15,27,45000
"1635","Female","Walked",15,35,25000
"1636","Female","Walked",20,52,22000
"1637","Female","Walked",15,22,25000
"1638","Female","Walked",25,66,18000
"1639","Female","Walked",15,43,75000
"1640","Female","Walked",30,54,35000
"1641","Female","Walked",15,70,40000
"1642","Female","Walked",15,30,21600
"1643","Female","Walked",8,37,57600
"1644","Female","Walked",2,26,45000
"1645","Female","Walked",20,64,60000
"1646","Female","Walked",5,23,80000
"1647","Female","Walked",25,57,105000
"1648","Female","Walked",5,58,40000
"1649","Female","Walked",4,56,24300
"1650","Female","Walked",1,56,80
"1651","Female","Walked",10,42,150000
"1652","Female","Walked",5,41,9000
"1653","Female","Walked",15,42,40000
"1654","Female","Walked",15,35,120000
"1655","Female","Walked",5,20,5000
"1656","Female","Walked",20,27,125000
"1657","Female","Walked",5,55,24000
"1658","Female","Walked",10,44,1800
"1659","Female","Walked",20,62,147000
"1660","Female","Walked",15,39,6500
"1661","Female","Walked",15,27,42000
"1662","Female","Walked",20,56,68000
"1663","Female","Walked",15,64,39000
"1664","Female","Walked",15,27,15000
"1665","Female","Walked",15,33,96000
"1666","Female","Walked",15,33,78000
"1667","Female","Walked",15,59,101900
"1668","Female","Walked",30,53,45000
"1669","Female","Walked",20,60,25000
"1670","Female","Walked",138,27,5000
"1671","Female","Walked",10,29,17000
"1672","Female","Walked",1,55,60000
"1673","Female","Walked",10,36,4000
"1674","Female","Walked",15,54,14000
"1675","Female","Walked",60,48,33400
"1676","Female","Walked",15,54,50000
"1677","Female","Walked",15,50,90000
"1678","Female","Walked",20,47,305000
"1679","Female","Walked",30,42,15000
"1680","Female","Walked",10,45,12000
"1681","Female","Walked",45,58,15600
"1682","Female","Walked",15,27,56000
"1683","Female","Walked",15,61,3000
"1684","Female","Walked",10,64,25000
"1685","Female","Walked",10,51,13500
"1686","Female","Walked",20,66,55800
"1687","Female","Walked",5,40,113000
"1688","Female","Walked",15,58,35100
"1689","Female","Walked",30,31,22000
"1690","Female","Walked",10,28,79000
"1691","Female","Walked",15,63,16000
"1692","Female","Walked",15,31,65000
"1693","Female","Walked",20,59,23000
"1694","Female","Walked",15,22,4000
"1695","Female","Walked",20,20,3500
"1696","Female","Walked",20,21,7800
"1697","Female","Walked",3,19,2000
"1698","Female","Walked",5,21,28600
"1699","Female","Walked",25,21,42500
"1700","Female","Walked",10,23,10000
"1701","Female","Walked",10,21,1000
"1702","Female","Walked",5,21,7000
"1703","Female","Walked",10,21,4000
"1704","Female","Walked",5,21,6000
"1705","Female","Walked",15,21,5400
"1706","Female","Walked",8,20,14000
"1707","Female","Walked",5,19,1700
"1708","Female","Walked",10,20,10000
"1709","Female","Walked",15,22,80
"1710","Female","Walked",10,21,1200
"1711","Female","Walked",15,20,3000
"1712","Female","Walked",10,20,12000
"1713","Female","Walked",10,21,22700
"1714","Female","Walked",5,19,20000
"1715","Female","Walked",5,20,170
"1716","Female","Walked",10,19,3100
"1717","Female","Walked",15,23,2000
"1718","Female","Walked",5,19,1700
"1719","Female","Walked",5,20,10800
"1720","Female","Walked",5,22,2000
"1721","Female","Walked",5,20,5000
"1722","Female","Walked",5,88,37900
"1723","Female","Walked",10,20,3000
"1724","Female","Walked",10,21,22700
"1725","Female","Walked",15,21,10000
"1726","Female","Walked",5,21,7000
"1727","Female","Walked",2,22,10000
"1728","Female","Walked",20,20,3700
"1729","Female","Walked",10,19,6000
"1730","Female","Walked",15,20,4000
"1731","Female","Walked",5,19,1000
"1732","Female","Walked",10,19,70
"1733","Female","Walked",15,19,820
"1734","Female","Walked",5,23,8800
"1735","Female","Walked",10,23,20000
"1736","Female","Walked",5,21,4000
"1737","Female","Walked",5,19,4000
"1738","Female","Walked",10,22,2400
"1739","Female","Walked",10,19,2000
"1740","Female","Walked",10,19,3500
"1741","Female","Walked",10,22,1500
"1742","Female","Walked",5,20,3000
"1743","Female","Walked",15,19,1500
"1744","Female","Walked",25,20,700
"1745","Female","Walked",10,65,7800
"1746","Female","Walked",7,20,25000
"1747","Female","Walked",10,19,1600
"1748","Female","Walked",5,20,5000
"1749","Female","Walked",20,21,7800
"1750","Female","Walked",10,20,5000
"1751","Female","Walked",15,20,5000
"1752","Female","Walked",15,20,10000
"1753","Female","Walked",5,21,6000
"1754","Female","Walked",5,20,170
"1755","Female","Walked",5,25,2500
"1756","Female","Walked",5,20,7000
"1757","Female","Walked",5,19,1000
"1758","Female","Walked",3,21,12000
"1759","Female","Walked",15,20,4000
"1760","Female","Walked",10,65,7800
"1761","Female","Walked",5,22,4000
"1762","Female","Walked",15,26,35000
"1763","Female","Walked",10,21,4000
"1764","Female","Walked",10,61,10400
"1765","Female","Walked",10,22,10000
"1766","Female","Walked",1,22,6600
"1767","Female","Walked",5,21,7000
"1768","Female","Walked",10,23,10000
"1769","Female","Walked",10,65,7800
"1770","Female","Walked",10,20,10000
"1771","Female","Walked",10,23,12000
"1772","Female","Walked",15,19,820
"1773","Female","Walked",10,21,2000
"1774","Female","Walked",5,19,3000
"1775","Female","Walked",4,19,5500
"1776","Female","Walked",20,19,4200
"1777","Female","Walked",10,19,2000
"1778","Female","Walked",15,20,10000
"1779","Female","Walked",10,20,24000
"1780","Female","Walked",15,20,4000
"1781","Female","Walked",5,22,2000
"1782","Female","Walked",5,19,7920
"1783","Female","Walked",5,52,14100
"1784","Female","Walked",5,19,2500
"1785","Female","Walked",5,28,35000
"1786","Female","Walked",8,22,10200
"1787","Female","Walked",5,20,5000
"1788","Female","Walked",5,21,9500
"1789","Female","Walked",10,19,820
"1790","Female","Walked",5,88,37900
"1791","Female","Walked",5,20,10000
"1792","Female","Walked",8,19,500
"1793","Female","Walked",10,19,2000
"1794","Female","Walked",15,21,1000
"1795","Female","Walked",10,21,9900
"1796","Female","Walked",5,19,5200
"1797","Female","Walked",5,21,6000
"1798","Female","Walked",10,19,2000
"1799","Female","Walked",5,21,4000
"1800","Female","Walked",10,20,2000
"1801","Female","Walked",10,20,4000
"1802","Female","Walked",5,19,4000
"1803","Female","Walked",15,20,4000
"1804","Female","Walked",15,19,820
"1805","Female","Walked",10,19,3000
"1806","Female","Walked",5,52,14100
"1807","Female","Walked",15,22,10000
"1808","Female","Walked",5,19,20300
"1809","Female","Walked",5,19,20000
"1810","Female","Walked",5,20,9800
"1811","Female","Walked",10,19,800
"1812","Female","Walked",15,21,10000
"1813","Female","Walked",15,21,4000
"1814","Female","Walked",10,20,3000
"1815","Female","Walked",6,19,3500
"1816","Female","Walked",8,20,1000
"1817","Female","Walked",5,21,4000
"1818","Female","Walked",5,21,4000
"1819","Female","Walked",1,45,109000
"1820","Female","Walked",1,19,7700
"1821","Female","Walked",1,47,9700
"1822","Female","Walked",20,75,74800
"1823","Female","Walked",10,46,8000
"1824","Female","Walked",20,35,25000
"1825","Female","Walked",10,40,45000
"1826","Female","Walked",10,32,35000
"1827","Female","Walked",5,67,23000
"1828","Female","Walked",10,25,28000
"1829","Female","Walked",15,25,32000
"1830","Female","Walked",15,61,24000
"1831","Female","Walked",5,36,15000
"1832","Female","Walked",25,63,40000
"1833","Female","Walked",15,47,6000
"1834","Female","Walked",40,51,14000
"1835","Female","Walked",5,62,19400
"1836","Female","Walked",5,21,19080
"1837","Female","Walked",5,21,19000
"1838","Female","Walked",15,51,36000
"1839","Female","Walked",30,70,11400
"1840","Female","Walked",10,52,150000
"1841","Female","Walked",15,32,130000
"1842","Female","Walked",25,23,7200
"1843","Female","Walked",15,19,11400
"1844","Female","Walked",15,30,2200
"1845","Female","Walked",10,39,7000
"1846","Female","Walked",30,52,63000
"1847","Female","Walked",20,56,20000
"1848","Female","Walked",10,56,6400
"1849","Female","Walked",5,63,40000
"1850","Female","Walked",10,37,10500
"1851","Female","Walked",20,55,40000
"1852","Female","Walked",2,23,6000
"1853","Female","Walked",20,48,684000
"1854","Female","Walked",2,57,41000
"1855","Female","Walked",10,49,9000
"1856","Female","Walked",15,25,45000
"1857","Female","Walked",25,25,90000
"1858","Female","Walked",10,46,22800
"1859","Female","Walked",5,42,175000
"1860","Female","Walked",10,35,2e+05
"1861","Female","Walked",10,23,55000
"1862","Female","Walked",15,23,90000
"1863","Female","Walked",10,41,10000
"1864","Female","Walked",20,34,41000
"1865","Female","Walked",40,52,67000
"1866","Female","Walked",25,46,2e+05
"1867","Female","Walked",10,60,42500
"1868","Female","Walked",15,21,11100
"1869","Female","Walked",5,39,58000
"1870","Female","Walked",8,25,130000
"1871","Female","Walked",10,40,10000
"1872","Female","Walked",15,50,44000
"1873","Female","Walked",15,58,47900
"1874","Female","Walked",10,80,31200
"1875","Female","Walked",10,65,21300
"1876","Female","Walked",5,44,6000
"1877","Female","Walked",20,22,21900
"1878","Female","Walked",10,47,20000
"1879","Female","Walked",30,29,16000
"1880","Female","Walked",40,35,16000
"1881","Female","Walked",25,63,11700
"1882","Female","Walked",3,66,10000
"1883","Female","Walked",10,77,214000
"1884","Female","Walked",10,68,47400
"1885","Female","Walked",10,19,16500
"1886","Female","Walked",40,36,33700
"1887","Female","Walked",20,24,27700
"1888","Female","Walked",10,51,50000
"1889","Female","Walked",20,32,13000
"1890","Female","Walked",15,26,665000
"1891","Female","Walked",10,29,15000
"1892","Female","Walked",10,28,24000
"1893","Female","Walked",40,64,8000
"1894","Female","Walked",15,19,12900
"1895","Female","Walked",5,27,17600
"1896","Female","Walked",15,27,78000
"1897","Female","Walked",20,46,16300
"1898","Female","Walked",10,56,138000
"1899","Female","Walked",10,19,32000
"1900","Female","Walked",5,52,9500
"1901","Female","Walked",56,53,66800
"1902","Female","Walked",10,22,17000
"1903","Female","Walked",20,46,38000
"1904","Female","Walked",2,68,18000
"1905","Female","Walked",15,67,4300
"1906","Female","Walked",3,62,169790
"1907","Female","Walked",10,24,15000
"1908","Female","Walked",20,23,20000
"1909","Female","Walked",10,60,24490
"1910","Female","Walked",10,60,21000
"1911","Female","Walked",5,44,37000
"1912","Female","Walked",1,20,12000
"1913","Female","Walked",5,22,30000
"1914","Female","Walked",10,48,6000
"1915","Female","Walked",15,60,80000
"1916","Female","Walked",10,44,18000
"1917","Female","Walked",10,23,16000
"1918","Female","Walked",25,41,97000
"1919","Female","Walked",20,32,5700
"1920","Female","Walked",10,50,29000
"1921","Female","Walked",15,61,18000
"1922","Female","Walked",5,52,32000
"1923","Female","Walked",20,35,100340
"1924","Female","Walked",20,42,30000
"1925","Female","Walked",15,52,22000
"1926","Female","Walked",10,62,25000
"1927","Female","Walked",10,35,20800
"1928","Female","Walked",1,45,13800
"1929","Female","Walked",3,56,304000
"1930","Female","Walked",60,21,7800
"1931","Female","Walked",10,71,206000
"1932","Female","Walked",15,28,30000
"1933","Female","Walked",10,53,464000
"1934","Female","Walked",15,26,20000
"1935","Female","Walked",15,66,67000
"1936","Female","Walked",20,47,135000
"1937","Female","Walked",15,38,122750
"1938","Female","Walked",20,47,2e+05
"1939","Female","Walked",15,45,96000
"1940","Female","Walked",35,62,103400
"1941","Female","Walked",15,27,50000
"1942","Female","Walked",15,35,94000
"1943","Female","Walked",20,67,81000
"1944","Female","Walked",1,66,60200
"1945","Female","Walked",15,45,10000
"1946","Female","Walked",10,22,2400
"1947","Female","Walked",15,39,17100
"1948","Female","Walked",20,33,660000
"1949","Female","Walked",12,59,73000
"1950","Female","Walked",10,25,33300
"1951","Female","Walked",2,37,90400
"1952","Female","Walked",10,80,36700
"1953","Female","Walked",20,31,91000
"1954","Female","Walked",45,50,140000
"1955","Female","Walked",30,37,48000
"1956","Female","Walked",5,26,42700
"1957","Female","Walked",15,30,40000
"1958","Female","Walked",15,47,27500
"1959","Female","Walked",1,21,18000
"1960","Female","Walked",4,62,22000
"1961","Female","Walked",20,59,660000
"1962","Female","Walked",5,23,5000
"1963","Female","Walked",138,53,56000
"1964","Female","Walked",15,23,15000
"1965","Female","Walked",5,61,1100
"1966","Female","Walked",15,48,40000
"1967","Female","Walked",5,46,205000
"1968","Female","Walked",15,46,250000
"1969","Female","Walked",10,32,1e+05
"1970","Female","Walked",30,37,20000
"1971","Female","Walked",5,57,26900
"1972","Female","Walked",10,45,15000
"1973","Female","Walked",2,53,40000
"1974","Female","Walked",5,21,10000
"1975","Female","Walked",15,24,17600
"1976","Female","Walked",60,42,74000
"1977","Female","Walked",20,24,32000
"1978","Female","Walked",25,37,32000
"1979","Female","Walked",10,31,36700
"1980","Female","Walked",30,68,36800
"1981","Female","Walked",3,54,68000
"1982","Female","Walked",10,72,214500
"1983","Female","Walked",15,22,8000
"1984","Female","Walked",15,30,3000
"1985","Female","Walked",15,72,24900
"1986","Female","Walked",12,33,2e+05
"1987","Female","Walked",20,57,24600
"1988","Female","Walked",5,46,22000
"1989","Female","Walked",15,21,15000
"1990","Female","Walked",1,59,275000
"1991","Female","Walked",25,45,103000
"1992","Female","Walked",10,30,70000
"1993","Female","Walked",20,60,12000
"1994","Female","Walked",60,41,13300
"1995","Female","Walked",3,39,50000
"1996","Female","Walked",10,48,21900
"1997","Female","Walked",20,30,30000
"1998","Female","Walked",5,29,20000
"1999","Female","Walked",2,37,1
"2000","Female","Walked",10,23,9400
"2001","Female","Walked",10,20,29000
"2002","Female","Walked",10,34,25000
"2003","Female","Walked",5,50,29600
"2004","Female","Walked",15,41,55000
"2005","Female","Walked",20,38,660000
"2006","Female","Walked",5,25,7000
"2007","Female","Walked",2,50,12000
"2008","Female","Walked",5,47,20000
"2009","Female","Walked",25,53,230000
"2010","Female","Walked",10,53,500
"2011","Female","Walked",10,41,20000
"2012","Female","Walked",8,58,50000
"2013","Female","Walked",5,28,11000
"2014","Female","Walked",30,30,25900
"2015","Female","Walked",5,38,90000
"2016","Female","Walked",3,56,40000
"2017","Female","Walked",5,24,11000
"2018","Female","Walked",15,45,30000
"2019","Female","Walked",10,20,6400
"2020","Female","Walked",1,39,130000
"2021","Female","Walked",20,41,21300
"2022","Female","Walked",20,43,90000
"2023","Female","Walked",15,37,40000
"2024","Female","Walked",15,24,12000
"2025","Female","Walked",30,28,4200
"2026","Female","Walked",5,55,140000
"2027","Female","Walked",20,56,58000
"2028","Female","Walked",15,59,42000
"2029","Female","Walked",15,26,35000
"2030","Female","Walked",15,37,120000
"2031","Female","Walked",15,44,18500
"2032","Female","Walked",5,32,23000
"2033","Female","Walked",8,50,10000
"2034","Female","Walked",10,21,47000
"2035","Female","Walked",5,25,70000
"2036","Female","Walked",15,35,23000
"2037","Female","Walked",5,36,60000
"2038","Female","Walked",5,29,34300
"2039","Female","Walked",2,32,20000
"2040","Female","Walked",5,42,63000
"2041","Female","Walked",20,39,108000
"2042","Female","Walked",10,60,14000
"2043","Female","Walked",15,31,22900
"2044","Female","Walked",20,34,28000
"2045","Female","Walked",15,52,10000
"2046","Female","Walked",10,33,150000
"2047","Female","Walked",30,37,150000
"2048","Female","Walked",10,24,45000
"2049","Female","Walked",10,27,41000
"2050","Female","Walked",40,54,15000
"2051","Female","Walked",5,76,36000
"2052","Female","Walked",10,34,10400
"2053","Female","Walked",30,24,45000
"2054","Female","Walked",20,24,75000
"2055","Female","Walked",10,20,9000
"2056","Female","Walked",138,50,25000
"2057","Female","Walked",15,49,81000
"2058","Female","Walked",20,42,70000
"2059","Female","Walked",5,23,6000
"2060","Female","Walked",15,22,5000
"2061","Female","Walked",30,38,4300
"2062","Female","Walked",15,26,20000
"2063","Female","Walked",15,31,79700
"2064","Female","Walked",5,63,11400
"2065","Female","Walked",10,61,220000
"2066","Female","Walked",5,70,46000
"2067","Female","Walked",5,41,113000
"2068","Female","Walked",10,49,20000
"2069","Female","Walked",20,31,11600
"2070","Female","Walked",15,59,127000
"2071","Female","Walked",20,29,25000
"2072","Female","Walked",2,64,30000
"2073","Female","Walked",20,38,17000
"2074","Female","Walked",15,41,120000
"2075","Female","Walked",5,59,24000
"2076","Female","Walked",20,20,24900
"2077","Female","Walked",20,20,26200
"2078","Female","Walked",25,52,25000
"2079","Female","Walked",25,32,113000
"2080","Female","Walked",20,41,50000
"2081","Female","Walked",15,63,14700
"2082","Female","Walked",15,74,1e+05
"2083","Female","Walked",15,20,15900
"2084","Female","Walked",40,58,85000
"2085","Female","Walked",10,38,120000
"2086","Female","Walked",15,53,21200
"2087","Female","Walked",30,24,18000
"2088","Female","Walked",15,52,113000
"2089","Female","Walked",10,45,5900
"2090","Female","Walked",10,49,29000
"2091","Female","Walked",15,66,30000
"2092","Female","Walked",5,37,80000
"2093","Female","Walked",35,23,11000
"2094","Female","Walked",15,48,6400
"2095","Female","Walked",15,23,700
"2096","Female","Walked",2,47,8000
"2097","Female","Walked",15,43,107000
"2098","Female","Walked",5,22,20000
"2099","Female","Walked",2,46,36400
"2100","Female","Walked",2,63,31800
"2101","Female","Walked",1,60,4
"2102","Female","Walked",10,27,32000
"2103","Female","Walked",40,27,186000
"2104","Female","Walked",15,69,127700
"2105","Female","Walked",20,60,40000
"2106","Female","Walked",20,47,61000
"2107","Female","Walked",1,29,53000
"2108","Female","Walked",10,69,5100
"2109","Female","Walked",20,37,9000
"2110","Female","Walked",30,34,167000
"2111","Female","Walked",15,32,65000
"2112","Female","Walked",90,30,85000
"2113","Female","Walked",3,23,32000
"2114","Female","Walked",2,26,23400
"2115","Female","Walked",2,50,18000
"2116","Female","Walked",30,59,15000
"2117","Female","Walked",10,38,45000
"2118","Female","Walked",30,26,1e+05
"2119","Female","Walked",5,21,5000
"2120","Female","Walked",10,31,24000
"2121","Female","Walked",20,35,54100
"2122","Female","Walked",10,24,30000
"2123","Female","Walked",5,20,4200
"2124","Female","Walked",20,46,15800
"2125","Female","Walked",10,49,335000
"2126","Female","Walked",10,35,20000
"2127","Female","Walked",10,23,20000
"2128","Female","Walked",10,24,4850
"2129","Female","Walked",20,43,23000
"2130","Female","Walked",25,36,670000
"2131","Female","Walked",5,24,11400
"2132","Female","Walked",10,23,15000
"2133","Female","Walked",12,30,20000
"2134","Female","Walked",50,43,14000
"2135","Female","Walked",15,45,30000
"2136","Female","Walked",15,39,50000
"2137","Female","Walked",14,55,30000
"2138","Female","Walked",10,65,36000
"2139","Female","Walked",10,54,39000
"2140","Female","Walked",10,59,25000
"2141","Female","Walked",20,20,500
"2142","Female","Walked",5,42,50000
"2143","Female","Walked",30,42,10800
"2144","Female","Walked",15,26,3800
"2145","Female","Walked",30,36,110000
"2146","Female","Walked",10,62,10800
"2147","Female","Walked",20,26,120000
"2148","Female","Walked",5,64,26260
"2149","Female","Walked",25,44,96000
"2150","Female","Walked",5,74,64000
"2151","Female","Walked",5,26,21000
"2152","Female","Walked",15,31,70000
"2153","Female","Walked",30,57,45000
"2154","Female","Walked",90,66,144000
"2155","Female","Walked",5,21,4000
"2156","Female","Walked",15,59,63000
"2157","Female","Walked",5,44,15000
"2158","Female","Walked",10,64,15000
"2159","Female","Walked",25,29,65000
"2160","Female","Walked",10,49,15000
"2161","Female","Walked",5,33,16000
"2162","Female","Walked",5,29,29800
"2163","Female","Walked",15,22,20000
"2164","Female","Walked",20,60,384000
"2165","Female","Walked",15,46,10000
"2166","Female","Walked",5,24,7000
"2167","Female","Walked",1,45,6000
"2168","Female","Walked",5,41,75000
"2169","Female","Walked",20,64,370000
"2170","Female","Walked",5,57,88000
"2171","Female","Walked",3,35,71000
"2172","Female","Walked",30,63,22000
"2173","Female","Walked",5,21,23000
"2174","Female","Walked",15,74,53000
"2175","Female","Walked",15,38,25900
"2176","Female","Walked",25,36,8500
"2177","Female","Walked",30,30,21000
"2178","Female","Walked",20,69,58400
"2179","Female","Walked",40,35,12000
"2180","Female","Walked",10,34,20000
"2181","Female","Walked",7,55,71360
"2182","Female","Walked",5,39,130000
"2183","Female","Walked",10,45,4000
"2184","Female","Walked",10,42,15000
"2185","Female","Walked",10,26,75000
"2186","Female","Walked",10,21,18800
"2187","Female","Walked",20,27,50000
"2188","Female","Walked",1,63,126000
"2189","Female","Walked",5,54,97590
"2190","Female","Walked",10,58,24000
"2191","Female","Walked",20,26,85000
"2192","Female","Walked",5,52,22100
"2193","Female","Walked",15,27,60000
"2194","Female","Walked",5,70,45000
"2195","Female","Walked",60,27,4000
"2196","Female","Walked",20,24,42200
"2197","Female","Walked",30,57,125000
"2198","Female","Walked",60,21,9600
"2199","Female","Walked",15,61,25000
"2200","Female","Walked",25,23,23800
"2201","Female","Walked",25,37,1e+05
"2202","Female","Walked",2,81,13000
"2203","Female","Walked",15,25,65000
"2204","Female","Walked",5,31,45050
"2205","Female","Walked",10,36,145000
"2206","Female","Walked",15,27,87000
"2207","Female","Walked",15,45,31000
"2208","Female","Walked",30,47,21000
"2209","Female","Walked",15,20,6000
"2210","Female","Walked",15,43,62000
"2211","Female","Walked",20,65,19600
"2212","Female","Walked",30,31,75000
"2213","Female","Walked",25,19,450
"2214","Female","Walked",20,50,30200
"2215","Female","Walked",10,24,30000
"2216","Female","Walked",1,50,27000
"2217","Female","Walked",25,28,60000
"2218","Female","Walked",7,20,30100
"2219","Female","Walked",5,26,40000
"2220","Female","Walked",15,30,10000
"2221","Female","Walked",1,45,27700
"2222","Female","Walked",20,35,65000
"2223","Female","Walked",10,35,218400
"2224","Female","Walked",4,58,8330
"2225","Female","Walked",25,32,13000
"2226","Female","Walked",20,30,42000
"2227","Female","Walked",30,44,28000
"2228","Female","Walked",2,49,35000
"2229","Female","Walked",20,26,80000
"2230","Female","Walked",30,45,3e+05
"2231","Female","Walked",20,33,85000
"2232","Female","Walked",20,37,9000
"2233","Female","Walked",35,25,12000
"2234","Female","Walked",5,25,63000
"2235","Female","Walked",5,42,50000
"2236","Female","Walked",20,61,98000
"2237","Female","Walked",26,59,227000
"2238","Female","Walked",25,50,14000
"2239","Female","Walked",8,27,41700
"2240","Female","Walked",10,30,35000
"2241","Female","Walked",15,30,45000
"2242","Female","Walked",6,57,1e+05
"2243","Female","Walked",20,28,110000
"2244","Female","Walked",20,45,34000
"2245","Female","Walked",20,50,30000
"2246","Female","Walked",17,33,70000
"2247","Female","Walked",3,21,17000
"2248","Female","Walked",3,19,8000
"2249","Female","Walked",15,52,20000
"2250","Female","Walked",10,21,16700
"2251","Female","Walked",3,75,59800
"2252","Female","Walked",3,28,23000
"2253","Female","Walked",45,45,54000
"2254","Female","Walked",20,39,65000
"2255","Female","Walked",5,24,11100
"2256","Female","Walked",15,68,42100
"2257","Female","Walked",90,59,80000
"2258","Female","Walked",35,31,52000
"2259","Female","Walked",15,60,74000
"2260","Female","Walked",30,31,40000
"2261","Female","Walked",25,51,12000
"2262","Female","Walked",5,33,65000
"2263","Female","Walked",45,45,36000
"2264","Female","Walked",15,46,55000
"2265","Female","Walked",15,56,22600
"2266","Female","Walked",10,56,29000
"2267","Female","Walked",15,48,141400
"2268","Female","Walked",5,66,21600
"2269","Female","Walked",25,42,171000
"2270","Female","Walked",5,31,39000
"2271","Female","Walked",20,60,80000
"2272","Female","Walked",15,23,28000
"2273","Female","Walked",5,24,12000
"2274","Female","Walked",5,49,62000
"2275","Female","Walked",20,32,1500
"2276","Female","Walked",2,46,80000
"2277","Female","Walked",10,56,26000
"2278","Female","Walked",4,26,8000
"2279","Female","Walked",20,30,53000
"2280","Female","Walked",20,57,106300
"2281","Female","Walked",15,26,41000
"2282","Female","Walked",8,38,53000
"2283","Female","Walked",20,54,6180
"2284","Female","Walked",1,33,30000
"2285","Female","Walked",10,85,31590
"2286","Female","Walked",3,47,17610
"2287","Female","Walked",20,66,167000
"2288","Female","Walked",20,46,17500
"2289","Female","Walked",25,30,8000
"2290","Female","Walked",5,27,69000
"2291","Female","Walked",30,27,41500
"2292","Female","Walked",10,30,74000
"2293","Female","Walked",5,61,112000
"2294","Female","Walked",30,49,74000
"2295","Female","Walked",15,61,20000
"2296","Female","Walked",5,42,11400
"2297","Female","Walked",3,38,5300
"2298","Female","Walked",10,38,63000
"2299","Female","Walked",20,54,87000
"2300","Female","Walked",5,53,8400
"2301","Female","Walked",10,70,29730
"2302","Female","Walked",10,43,15000
"2303","Female","Walked",50,65,35000
"2304","Female","Walked",12,72,53800
"2305","Female","Walked",10,57,55000
"2306","Female","Walked",15,50,452000
"2307","Female","Walked",2,62,19000
"2308","Female","Walked",10,30,27000
"2309","Female","Walked",10,33,32000
"2310","Female","Walked",5,26,4000
"2311","Female","Walked",15,62,9000
"2312","Female","Walked",10,32,10800
"2313","Female","Walked",5,61,60000
"2314","Female","Walked",20,55,52000
"2315","Female","Walked",10,43,20800
"2316","Female","Walked",10,31,43000
"2317","Female","Walked",15,26,10900
"2318","Female","Walked",3,59,6900
"2319","Female","Walked",15,32,80000
"2320","Female","Walked",15,32,12000
"2321","Female","Walked",20,71,15000
"2322","Female","Walked",15,23,15000
"2323","Female","Walked",30,24,26700
"2324","Female","Walked",25,28,89000
"2325","Female","Walked",15,49,12000
"2326","Female","Walked",1,41,43500
"2327","Female","Walked",1,33,96000
"2328","Female","Walked",15,21,4000
"2329","Female","Walked",1,71,38210
"2330","Female","Walked",20,31,9600
"2331","Female","Walked",5,35,52000
"2332","Female","Walked",15,30,40000
"2333","Female","Walked",10,22,20000
"2334","Female","Walked",5,30,50000
"2335","Female","Walked",15,53,16000
"2336","Female","Walked",15,54,900
"2337","Female","Walked",15,20,8000
"2338","Female","Walked",10,40,2e+05
"2339","Female","Walked",1,61,39150
"2340","Female","Walked",6,78,362800
"2341","Female","Walked",20,30,40000
"2342","Female","Walked",3,44,9000
"2343","Female","Walked",30,53,18000
"2344","Female","Walked",10,50,14400
"2345","Female","Walked",20,48,8000
"2346","Female","Walked",5,46,45000
"2347","Female","Walked",45,33,225000
"2348","Female","Walked",10,54,13000
"2349","Female","Walked",10,47,17000
"2350","Female","Walked",5,70,36000
"2351","Female","Walked",20,22,15000
"2352","Female","Walked",20,49,3000
"2353","Female","Walked",15,26,20000
"2354","Female","Walked",5,33,98000
"2355","Female","Walked",10,21,1000
"2356","Female","Walked",20,56,72000
"2357","Female","Walked",15,39,115000
"2358","Female","Walked",5,57,1e+05
"2359","Female","Walked",10,38,75000
"2360","Female","Walked",5,45,40000
"2361","Female","Walked",30,39,105000
"2362","Female","Walked",20,27,70000
"2363","Female","Walked",20,47,109000
"2364","Female","Walked",2,55,75000
"2365","Female","Walked",10,29,9000
"2366","Female","Walked",7,40,38900
"2367","Female","Walked",20,48,180500
"2368","Female","Walked",5,41,30000
"2369","Female","Walked",40,29,78000
"2370","Female","Walked",10,48,14000
"2371","Female","Walked",5,24,16000
"2372","Female","Walked",10,34,85000
"2373","Female","Walked",10,32,52000
"2374","Female","Walked",20,48,25000
"2375","Female","Walked",10,23,9500
"2376","Female","Walked",5,33,60000
"2377","Female","Walked",45,49,21700
"2378","Female","Walked",30,30,67000
"2379","Female","Walked",5,37,10500
"2380","Female","Walked",5,34,30000
"2381","Female","Walked",20,44,150000
"2382","Female","Walked",25,60,51000
"2383","Female","Walked",5,65,24000
"2384","Female","Walked",20,32,155000
"2385","Female","Walked",7,59,50000
"2386","Female","Walked",5,39,28000
"2387","Female","Walked",20,60,50000
"2388","Female","Walked",15,33,5000
"2389","Female","Walked",15,26,58000
"2390","Female","Walked",5,23,17000
"2391","Female","Walked",10,44,25000
"2392","Female","Walked",10,29,75000
"2393","Female","Walked",5,75,27900
"2394","Female","Walked",30,49,18000
"2395","Female","Walked",15,56,8000
"2396","Female","Walked",8,41,165000
"2397","Female","Walked",25,44,16270
"2398","Female","Walked",15,56,25000
"2399","Female","Walked",30,57,80000
"2400","Female","Walked",20,40,74000
"2401","Female","Walked",30,52,49000
"2402","Female","Walked",1,20,5000
"2403","Female","Walked",10,66,40000
"2404","Female","Walked",5,77,88000
"2405","Female","Walked",20,29,60000
"2406","Female","Walked",5,32,20200
"2407","Female","Walked",13,23,80000
"2408","Female","Walked",15,26,50000
"2409","Female","Walked",2,42,14000
"2410","Female","Walked",3,32,25000
"2411","Female","Walked",60,35,38600
"2412","Female","Walked",3,26,31400
"2413","Female","Walked",10,24,39000
"2414","Female","Walked",60,40,980
"2415","Female","Walked",5,43,23000
"2416","Female","Walked",10,42,1200
"2417","Female","Walked",10,25,47900
"2418","Female","Walked",20,22,25000
"2419","Female","Walked",20,32,12000
"2420","Female","Walked",10,42,36000
"2421","Female","Walked",5,26,25000
"2422","Female","Walked",20,44,5000
"2423","Female","Walked",10,39,7500
"2424","Female","Walked",35,61,140000
"2425","Female","Walked",15,33,86000
"2426","Female","Walked",20,27,31600
"2427","Female","Walked",20,24,21000
"2428","Female","Walked",1,28,20000
"2429","Female","Walked",2,62,25000
"2430","Female","Walked",20,50,31000
"2431","Female","Walked",15,34,24500
"2432","Female","Walked",4,55,27000
"2433","Female","Walked",15,24,10000
"2434","Female","Walked",30,48,76000
"2435","Female","Walked",40,62,24800
"2436","Female","Walked",2,46,2400
"2437","Female","Walked",30,42,26500
"2438","Female","Walked",10,46,7500
"2439","Female","Walked",15,26,9600
"2440","Female","Walked",10,23,20000
"2441","Female","Walked",15,32,87000
"2442","Female","Walked",15,34,125000
"2443","Female","Walked",30,44,14000
"2444","Female","Walked",10,28,163000
"2445","Female","Walked",6,33,20000
"2446","Female","Walked",30,62,14000
"2447","Female","Walked",25,26,8000
"2448","Female","Walked",10,60,7000
"2449","Female","Walked",20,20,4400
"2450","Female","Walked",15,28,70000
"2451","Female","Walked",40,29,4800
"2452","Female","Walked",15,60,6600
"2453","Female","Walked",7,37,19800
"2454","Female","Walked",2,41,68000
"2455","Female","Walked",10,44,26000
"2456","Female","Walked",15,19,8000
"2457","Female","Walked",25,27,75500
"2458","Female","Walked",1,48,85000
"2459","Female","Walked",17,39,13000
"2460","Female","Walked",17,37,26300
"2461","Female","Walked",20,29,30000
"2462","Female","Walked",8,31,13000
"2463","Female","Walked",15,24,18600
"2464","Female","Walked",10,70,47000
"2465","Female","Walked",20,39,125000
"2466","Female","Walked",1,42,22500
"2467","Female","Walked",30,34,30000
"2468","Female","Walked",5,46,80000
"2469","Female","Walked",5,45,2500
"2470","Female","Walked",15,30,34000
"2471","Female","Walked",1,48,13300
"2472","Female","Walked",5,54,86000
"2473","Female","Walked",8,66,218300
"2474","Female","Walked",30,73,66200
"2475","Female","Walked",20,51,18000
"2476","Female","Walked",10,30,30000
"2477","Female","Walked",15,27,63000
"2478","Female","Walked",20,56,27800
"2479","Female","Walked",20,64,18600
"2480","Female","Walked",15,37,120000
"2481","Female","Walked",30,22,620
"2482","Female","Walked",10,36,43000
"2483","Female","Walked",15,29,68100
"2484","Female","Walked",5,37,66000
"2485","Female","Walked",30,24,65000
"2486","Female","Walked",15,79,51200
"2487","Female","Walked",45,74,37400
"2488","Female","Walked",15,49,95000
"2489","Female","Walked",10,32,70000
"2490","Female","Walked",15,33,238000
"2491","Female","Walked",8,29,70010
"2492","Female","Walked",5,31,8200
"2493","Female","Walked",20,63,52000
"2494","Female","Walked",10,30,53000
"2495","Female","Walked",5,32,17900
"2496","Female","Walked",20,24,30000
"2497","Female","Walked",5,50,8700
"2498","Female","Walked",5,33,8000
"2499","Female","Walked",5,62,7000
"2500","Female","Walked",20,29,27000
"2501","Female","Walked",5,57,27700
"2502","Female","Walked",15,58,62000
"2503","Female","Walked",15,29,50000
"2504","Female","Walked",30,26,45000
"2505","Female","Walked",1,58,42400
"2506","Female","Walked",5,22,11200
"2507","Female","Walked",25,63,32000
"2508","Female","Walked",16,61,26000
"2509","Female","Walked",10,24,4000
"2510","Female","Walked",50,49,46000
"2511","Female","Walked",30,29,20000
"2512","Female","Walked",9,40,1e+05
"2513","Female","Walked",6,27,10400
"2514","Female","Walked",5,45,15000
"2515","Female","Walked",10,30,44000
"2516","Female","Walked",30,34,18000
"2517","Female","Walked",6,56,13000
"2518","Female","Walked",5,21,2500
"2519","Female","Walked",5,39,87300
"2520","Female","Walked",15,30,140000
"2521","Female","Walked",5,53,35000
"2522","Female","Walked",15,30,40000
"2523","Female","Walked",10,46,13700
"2524","Female","Walked",15,40,15000
"2525","Female","Walked",1,32,20000
"2526","Female","Walked",5,51,20000
"2527","Female","Walked",10,47,24000
"2528","Female","Walked",5,42,28000
"2529","Female","Walked",15,31,10800
"2530","Female","Walked",20,40,30000
"2531","Female","Walked",8,58,20800
"2532","Female","Walked",30,45,25000
"2533","Female","Walked",80,27,30000
"2534","Female","Walked",10,19,22000
"2535","Female","Walked",15,47,4600
"2536","Female","Walked",25,22,22500
"2537","Female","Walked",3,49,29000
"2538","Female","Walked",5,20,890
"2539","Female","Walked",10,78,12100
"2540","Female","Walked",5,55,4000
"2541","Female","Walked",25,25,98000
"2542","Female","Walked",25,30,36000
"2543","Female","Walked",10,21,15500
"2544","Female","Walked",30,34,65000
"2545","Female","Walked",5,53,5000
"2546","Female","Walked",20,47,25000
"2547","Female","Walked",3,48,57000
"2548","Female","Walked",4,37,45000
"2549","Female","Walked",20,32,12500
"2550","Female","Walked",20,51,28000
"2551","Female","Walked",5,25,14800
"2552","Female","Walked",15,55,10000
"2553","Female","Walked",5,58,660000
